id,name,category,specialises_in,address,area,area_detail,city,country,price_tier,price_guide,access,instagram,website,materials,occasions,multiple_locations,status,note,last_reviewed
huelley-rose,Huelley Rose,Womenswear,,214 Hai Bà Trưng,D1,D1 · Tân Định,Ho Chi Minh City,Vietnam,premium,,walk-in store,https://instagram.com/huelleyrose,,,bday,,recorded,Romantic RTW; worldwide shipping. Shares its building with Huelley & Stress Mama.,2026-08-28
huelley,Huelley,Womenswear,,214 Hai Bà Trưng,D1,D1 · Tân Định,Ho Chi Minh City,Vietnam,premium,,walk-in store,,https://huelley.com/,,bday,,recorded,Sister label to Huelley Rose. 8:30–21:40.,2026-08-28
stress-mama,Stress Mama,Womenswear,,214 Hai Bà Trưng · Vincom Đồng Khởi · Thảo Điền,D1,D1 · Tân Định,Ho Chi Minh City,Vietnam,mid,,walk-in store,https://instagram.com/stress.mama,,,,yes,recorded,Playful streetwear; 3 locations across the city.,2026-08-28
dawn-vintage,Dawn Vintage,Vintage,,"2F, 42 Tôn Thất Thiệp",D1,D1 · Bến Nghé,Ho Chi Minh City,Vietnam,mid,,walk-in store,https://instagram.com/dawnavintage,,circular,,,recorded,Curated vintage inside the 42 TTT multi-brand building.,2026-08-28
1998-before-the-dawn,1998 Before The Dawn,Vintage,,"2F, 42 Tôn Thất Thiệp",D1,D1 · Bến Nghé,Ho Chi Minh City,Vietnam,mid,,walk-in store,https://instagram.com/1998beforethedawn,,circular,,,recorded,Vintage; pairs with Dawn Vintage. 10:00–21:00.,2026-08-28
depass,Depass,Womenswear,,"Rm 38E, 1F, 42 Tôn Thất Thiệp",D1,D1 · Bến Nghé,Ho Chi Minh City,Vietnam,mid,,walk-in store,https://instagram.com/depass.store,,,,,recorded,Local label in the 42 TTT building.,2026-08-28
mangata,Mangata,Womenswear,,"1F, 40E Ngô Đức Kế",D1,D1,Ho Chi Minh City,Vietnam,premium,,walk-in store,https://instagram.com/mangata.vn,,,,,recorded,"Founder-run; has a sister coffee brand, Blubean.",2026-08-28
josephine,Josephine,Womenswear,,106A Lê Thị Riêng,D1,D1 · Bến Thành,Ho Chi Minh City,Vietnam,premium,,walk-in store,https://instagram.com/josephineofficial.vn,,,bday,,recorded,Feminine RTW; also a Hanoi branch on Phố Huế.,2026-08-28
lsoul,LSOUL,Womenswear,,257B Nguyễn Trãi,D1,D1,Ho Chi Minh City,Vietnam,premium,,walk-in store,https://instagram.com/lsoul.officiel,,,,,recorded,Well-known minimalist label. 9:30–21:30.,2026-08-28
jubin-studio,Jubin Studio,Womenswear,,4B Phan Kế Bính,D1,D1 · Đa Kao,Ho Chi Minh City,Vietnam,mid,,walk-in store,https://instagram.com/jubinstudio,https://global.jubinstudio.com/,,,,recorded,“The perfect wardrobe for petite girls.”,2026-08-28
moodswings,Moodswings,Womenswear,,75E Đặng Dung,D1,D1 · Tân Định,Ho Chi Minh City,Vietnam,mid,,walk-in store,https://instagram.com/moodswingsvn,,,,,recorded,10:00–21:30; worldwide shipping.,2026-08-28
cem-chi-em-minh,CEM — Chị Em Mình,Womenswear,,26 Ký Con,D1,D1 · Bến Thành,Ho Chi Minh City,Vietnam,mid,,walk-in store,https://instagram.com/cem_club,,,,,recorded,Vietnam-based; worldwide shipping.,2026-08-28
pomelo-flower,Pomelo Flower,Womenswear,,245/43 Nguyễn Trãi,D1,D1,Ho Chi Minh City,Vietnam,premium,,walk-in store,https://instagram.com/pomelo.flower,,,,,recorded,"“Timeless fashion for ladies,” made in Saigon.",2026-08-28
clothes-bar,Clothes Bar,Womenswear,,149/19 Lê Thị Riêng,D1,D1 · Bến Thành,Ho Chi Minh City,Vietnam,premium,,walk-in store,https://instagram.com/clothesbar.vn,,,,,recorded,“Be your own muse.” Also a Singapore pop-up.,2026-08-28
jenea-by-jenny,Jenéa by Jenny,Womenswear,,380 Hai Bà Trưng,D1,D1 · Tân Định,Ho Chi Minh City,Vietnam,premium,,walk-in store,https://instagram.com/jeneabyjenny.official,,,,,recorded,Recently moved to this new location.,2026-08-28
calista-de-minh-thanh,Calista de Minh Thanh,Womenswear,,265 Lý Tự Trọng,D1,D1,Ho Chi Minh City,Vietnam,premium,,walk-in store,https://instagram.com/calistademinhthanh.official,,,,,recorded,Also stocked on MEAN BLVD. Next to Enuff.,2026-08-28
enuff-studio,Enuff Studio,Womenswear,,261 Lý Tự Trọng,D1,D1 · Bến Thành,Ho Chi Minh City,Vietnam,premium,,walk-in store,https://instagram.com/enuffstudiobyst,,,,,recorded,HCMC-based; worldwide shipping.,2026-08-28
gout-de-jun,Goût De Jun,Womenswear,,55 Nguyễn Trãi + 1 Trần Quang Diệu + TNP,D1 / D3,D1 / D3,Ho Chi Minh City,Vietnam,premium,,walk-in store,https://instagram.com/goutdejun.ig,,,,,recorded,Three points of sale across the centre.,2026-08-28
hoang-studios,Hoang Studios,Womenswear,,41 Nguyễn Trãi,D1,D1 · Bến Thành,Ho Chi Minh City,Vietnam,mid,,walk-in store,https://instagram.com/hoangstudios,,,,,confirm-first,Sparse online presence — check it's still trading as fashion before you go.,2026-08-28
de-pure,De Pure,Womenswear,,21 Đặng Thị Như — opening soon,D1,D1,Ho Chi Minh City,Vietnam,premium,,by appointment,https://instagram.com/depure.offical,,,,,recorded,Store “coming soon”; online meanwhile. Faces Daphale.,2026-08-28
arya,Arya,Womenswear,,"386 Concept + Daspace, 46/13 Trần Quý Khoách (D1 · Tân Định)",D1 / D3,D1 / D3 · hubs,Ho Chi Minh City,Vietnam,premium,,sold via a stockist or hub,https://instagram.com/arya.theofficial,,,,,recorded,Sold via multi-brand hubs; no standalone store.,2026-08-28
babie-club,Babie Club,Womenswear,,The New Playground + 11 Garmentory,D1,D1 · hubs,Ho Chi Minh City,Vietnam,mid,,sold via a stockist or hub,https://instagram.com/babieclub_wear,,,,,recorded,Sun-ready shorts & daily wear via two hubs.,2026-08-28
elena-ngn,Elena NGN,Womenswear,,"Stocked at Rue Miche, 9B Phùng Khắc Khoan",D1,D1 · Đa Kao,Ho Chi Minh City,Vietnam,premium,,sold via a stockist or hub,https://instagram.com/elena.ngn,,,,,recorded,“Flowers on men.” Own Hanoi store closed.,2026-08-28
teddy-and,Teddy And,Womenswear,,"Pop-up @ Rue Miche L'Édition, 171 Đồng Khởi",D1,D1 · Đồng Khởi,Ho Chi Minh City,Vietnam,premium,,pop-up,https://instagram.com/teddyand,,,,,recorded,Summer pop-up — check IG it's still running.,2026-08-28
whose-studio,Whose Studio,Womenswear,,386/15 Lê Văn Sỹ,D3,D3 · P.14,Ho Chi Minh City,Vietnam,mid,,walk-in store,https://instagram.com/whose.studio,,,,,recorded,“New home” — recently relocated. 10:00–21:00.,2026-08-28
firefly-studio,Firefly Studio,Womenswear,,816/24 Trường Sa,D3,D3 · Nhiêu Lộc,Ho Chi Minh City,Vietnam,premium,,walk-in store,https://instagram.com/firefly_studio.vn,,,,,recorded,Has a swim line (FFSD). 10:30–21:30.,2026-08-28
daniv-dear,Daniv Dear,Womenswear,,"4F, 563/32 Nguyễn Đình Chiểu",D3,D3 · P.2,Ho Chi Minh City,Vietnam,mid,,walk-in store,https://instagram.com/daniv.dear,,,bday,,recorded,Coquette-leaning RTW. 10:00–21:00.,2026-08-28
resel-studio,Résel Studio,Womenswear,,245 Võ Văn Tần,D3,D3,Ho Chi Minh City,Vietnam,premium,,walk-in store,https://instagram.com/resel.stu,,,,,recorded,"Slow fashion, in-house production; Bangkok branch too.",2026-08-28
resel-bridal,Résel Bridal,Bridal,,245 Võ Văn Tần,D3,D3,Ho Chi Minh City,Vietnam,couture,,by appointment,https://instagram.com/resel.bridal,,,event,,recorded,"Private 1:1 bridal fittings, by appointment.",2026-08-28
moulin-rose,Moulin Rose,Womenswear,,48 Trần Quang Diệu,D3,D3 · P.14,Ho Chi Minh City,Vietnam,premium,,walk-in store,https://instagram.com/moulinrose.stu,,,bday,,recorded,On the Trần Quang Diệu design strip.,2026-08-28
tartan-studios,Tartan Studios,Womenswear,,70 Trần Quang Diệu,D3,D3,Ho Chi Minh City,Vietnam,premium,,walk-in store,https://instagram.com/tartan_studios,,,,,recorded,“What creates you creates happiness.”,2026-08-28
sassy-sis,Sassy Sis,Womenswear,,441/36 Nguyễn Đình Chiểu,D3,D3 · P.5,Ho Chi Minh City,Vietnam,mid,,walk-in store,https://instagram.com/sassysis_br,,,,,recorded,10:00–20:30 daily.,2026-08-28
so-dope-club,So Dópe Club,Womenswear,,"1F, 353 Võ Văn Tần + 97 Trần Quang Diệu",D3,D3 · P.5,Ho Chi Minh City,Vietnam,premium,,walk-in store,https://instagram.com/sodope.club,,,,,recorded,Streetwear-leaning; two D3 doors.,2026-08-28
18-again,18 Again,Womenswear,,52 Trần Quang Diệu,D3,D3 · P.14,Ho Chi Minh City,Vietnam,mid,,walk-in store,https://instagram.com/18again.official,,,,,confirm-first,Orders routed via @eighteen.loveyou for now. 10:00–21:45.,2026-08-28
baabeeboo,BaaBeeBoo,Womenswear,,"2F, 6 Trần Quang Diệu",D3,D3 · P.14,Ho Chi Minh City,Vietnam,mid,,walk-in store,https://instagram.com/baabeeboo.club,,,,,recorded,Above Kathy Atelier. 13:30–21:00.,2026-08-28
cherieon,Chérieon,Womenswear,,76 Trần Quang Diệu + Vincom Đồng Khởi B2,D3 / D1,D3 / D1,Ho Chi Minh City,Vietnam,premium,,walk-in store,https://instagram.com/cherieon_official,,,night; bday,,recorded,“Heaven dress in temptation.”,2026-08-28
caleelilou,caleélilou,Womenswear,,136/5 Trần Quang Diệu,D3,D3,Ho Chi Minh City,Vietnam,premium,,by appointment,https://instagram.com/caleelilou.studio,,,bday,,recorded,Softly feminine; fitting by appointment.,2026-08-28
la-vierge,La Vierge,Womenswear,,225/6 Nguyễn Đình Chiểu,D3,D3 · P.5,Ho Chi Minh City,Vietnam,premium,,walk-in store,https://instagram.com/lavierge.vn,,,night; bday,,recorded,/lavjɛʁʒ/ Where every touch ignites desire. Ships worldwide.,2026-08-28
chan-club,Chan Club,Womenswear,,154 Trần Quang Diệu,D3,D3 · P.14,Ho Chi Minh City,Vietnam,mid,,walk-in store,https://instagram.com/chanclub.vn,,,,,recorded,"Based in Việt Nam, ships worldwide. Các sản phẩm bên shop là hàng thiết kế và tự sản xuất — không bán trên sàn thương mại điện tử.",2026-08-28
rever,Rêver,Womenswear,,91 Trần Quang Diệu,D3,D3 · P.14,Ho Chi Minh City,Vietnam,mid,,walk-in store,https://instagram.com/rever.clothings,,,,,recorded,New drop weekly.,2026-08-28
mooris,Mooris,Luxury,,"234 Võ Văn Tần, P.5, Q.3",D3,D3 · P.5,Ho Chi Minh City,Vietnam,luxury,,walk-in store,https://instagram.com/moorisclothing,,,,,recorded,DM for orders — ships worldwide. Hotline +84 765 793 515.,2026-08-28
11-garmentory,11 Garmentory,Womenswear,,"117B Nguyễn Đình Chính, P. Cầu Kiệu, Phú Nhuận",Phú Nhuận,Phú Nhuận,Ho Chi Minh City,Vietnam,premium,,sold via a stockist or hub,https://instagram.com/11garmentory,,,,,recorded,Multi-brand creative hub + café. 10:00–21:30.,2026-08-28
duu-stu,Duu Stu,Womenswear,,"117B Nguyễn Đình Chính, P. Cầu Kiệu, Phú Nhuận",Phú Nhuận,Phú Nhuận,Ho Chi Minh City,Vietnam,premium,,sold via a stockist or hub,https://instagram.com/duu.stu,,,,,recorded,"“Lazy but chic” flagship — ground floor, 11 Garmentory.",2026-08-28
badchoices,Badchoices,Womenswear,,"117B Nguyễn Đình Chính, P. Cầu Kiệu, Phú Nhuận",Phú Nhuận,Phú Nhuận,Ho Chi Minh City,Vietnam,mid,,sold via a stockist or hub,https://instagram.com/badchoices.vn,,,,,recorded,Booth @ 11 Garmentory. “Bad choices make good stories.”,2026-08-28
moon-me,Moon Me,Womenswear,,330/1D Phan Đình Phùng,Phú Nhuận,Phú Nhuận,Ho Chi Minh City,Vietnam,mid,,walk-in store,https://instagram.com/moon_me.studio,,circular,,,recorded,Upcycled/custom 2nd-hand; opened May 2026.,2026-08-28
l-espoir,L'Espoir,Womenswear,,489A/4 Huỳnh Văn Bánh,Phú Nhuận,Phú Nhuận,Ho Chi Minh City,Vietnam,premium,,walk-in store,https://instagram.com/lespoir.com.vn,,,,,recorded,9:30–22:00; nationwide COD.,2026-08-28
liniss,Liniss,Womenswear,,254 Huỳnh Văn Bánh,Phú Nhuận,Phú Nhuận,Ho Chi Minh City,Vietnam,premium,,walk-in store,https://instagram.com/liniss.official,https://liniss.com/,,night,,recorded,"Since 2018 — modern feminine RTW on sensuality, feminism & independence.",2026-08-28
by-vee,By Vee,Womenswear,,50 Trần Huy Liệu,Phú Nhuận,Phú Nhuận,Ho Chi Minh City,Vietnam,mid,,walk-in store,https://instagram.com/byvee.style,,,,,recorded,9:00–22:00; cheaper in-store than Shopee.,2026-08-28
tiela,Tiela,Womenswear,,42 Trần Huy Liệu,Phú Nhuận,Phú Nhuận,Ho Chi Minh City,Vietnam,premium,,walk-in store,https://instagram.com/tiela.official,,,,,recorded,“Made for your inner muse.” 9:00–22:00.,2026-08-28
chou-chou,Chou Chou,Womenswear,,100A5 Thích Quảng Đức + 324 Huỳnh Văn Bánh,Phú Nhuận,Phú Nhuận,Ho Chi Minh City,Vietnam,mid,,walk-in store,https://instagram.com/__chouchou.official,,,,,recorded,Two Phú Nhuận branches.,2026-08-28
the-fance,The Fancé,Womenswear,,111C Hoa Lan + 11 Garmentory,Phú Nhuận,Phú Nhuận,Ho Chi Minh City,Vietnam,premium,,walk-in store,https://instagram.com/thefance.official,,,,,recorded,Also a Hanoi floor at Lotte Center.,2026-08-28
nosbyn-studio,Nosbyn Studio,Womenswear,,06 Đặng Hữu Phổ,Thủ Đức,Thủ Đức · Thảo Điền,Ho Chi Minh City,Vietnam,premium,,walk-in store,https://instagram.com/nosbyn_studio,,,,,recorded,10:00–20:00 daily; worldwide shipping.,2026-08-28
the-country-boutiques,The Country Boutiques,Womenswear,,"2F, 123 Trần Hưng Đạo",Q5,Q5 · Chợ Lớn,Ho Chi Minh City,Vietnam,premium,,walk-in store,https://instagram.com/thecountry_boutiques,,,,,recorded,Worldwide delivery.,2026-08-28
glamdoll,Glamdoll,Womenswear,,346 Lê Văn Sỹ,Tân Bình,Tân Bình,Ho Chi Minh City,Vietnam,mid,,walk-in store,https://instagram.com/glamdoll_0fficial,,,,,recorded,Long-running local RTW.,2026-08-28
olv,OLV,Womenswear,,"Flagship 127–129 Nguyễn Trãi, D1",Nationwide,Nationwide · 24 stores,Ho Chi Minh City,Vietnam,premium,,walk-in store,https://instagram.com/olv.officiel,,,,,recorded,24 stores VN-wide; see olv.vn/pages/our-stores.,2026-08-28
joven,Joven,Womenswear,,joven.vn store locator,HCMC,HCMC · 9 stores,Ho Chi Minh City,Vietnam,mid,,walk-in store,https://instagram.com/joven.fashion,,,,,recorded,9 stores across HCMC.,2026-08-28
ivy-moda,IVY moda,Womenswear,,ivymoda.com/page/cuahang,Nationwide chain,Nationwide chain,Ho Chi Minh City,Vietnam,premium,,walk-in store,https://instagram.com/ivy_moda,,,,,recorded,Major nationwide womenswear chain.,2026-08-28
laviem,LAVIEM,Womenswear,,289 Võ Văn Tần (HCMC) +4 more,HCMC + Hanoi,HCMC + Hanoi,Ho Chi Minh City,Vietnam,premium,,walk-in store,https://instagram.com/laviemvn,,,,,recorded,5 stores incl. Hanoi & Thái Nguyên.,2026-08-28
hapas,Hapas,Womenswear,,hapas.vn/pages/dia-diem-cua-hang,Multi-branch,Multi-branch,Ho Chi Minh City,Vietnam,mid,,walk-in store,https://instagram.com/hapas.vn,,,,,recorded,“Pretty Normal” everyday chain.,2026-08-28
dirtycoins,DirtyCoins,Menswear,,"The New Playground, 26 Lý Tự Trọng",D1,D1 · Bến Nghé,Ho Chi Minh City,Vietnam,mid,tees 300–700k₫,walk-in store,https://instagram.com/dirtycoins.vn,,,,yes,recorded,"Arguably Vietnam's biggest streetwear name — heavy branding, hip-hop-adjacent. Destination flagship at 561 Sư Vạn Hạnh (D10); also TNP @ Vincom Đồng Khởi, Grand Park & Aeon Bình Tân. 9:00–22:00.",2026-08-28
icondenim,ICONDENIM,Menswear,,12–12bis Cách Mạng Tháng 8 + 261 Nguyễn Trãi,D1,D1 · Bến Thành,Ho Chi Minh City,Vietnam,mid,jeans 500–700k₫,walk-in store,https://instagram.com/icondenim.official,,,,yes,recorded,"Denim-first men's casual chain — one of HCMC's largest local menswear retailers; 13 city stores (D7, Tân Phú, Bình Thạnh…). 8:30–22:00.",2026-08-28
degrey,Degrey,Menswear,,24 Hồ Biểu Chánh,Phú Nhuận,Phú Nhuận,Ho Chi Minh City,Vietnam,mid,,walk-in store,https://instagram.com/degrey.official,,,,yes,recorded,Gen-Z streetwear mixing Vietnamese cultural motifs; also 67–69 Đường D10 (Tân Phú) + 382D Trần Hưng Đạo (D5 · Chợ Lớn).,2026-08-28
bad-habits,Bad Habits,Menswear,,22 Lê Thị Riêng + 42 Tôn Thất Thiệp + TNP,D1,D1 · Bến Thành,Ho Chi Minh City,Vietnam,mid,,walk-in store,https://instagram.com/badhabitsstore.vn,,,,yes,recorded,"Saigon unisex streetwear (est. 2017) with Vietnamese-culture graphics; 4th door at 2 Trần Huy Liệu, Phú Nhuận. Also Hanoi, Cần Thơ & Bangkok.",2026-08-28
hades-studio,HADES Studio,Menswear,,B1 Vincom Đồng Khởi + 152 Trần Quang Diệu,D1 / D3,D1 / D3,Ho Chi Minh City,Vietnam,mid,,walk-in store,https://instagram.com/hades.studio,,,,yes,recorded,"First-wave VN streetwear — darker, grunge-leaning design language. (Older lists citing Gò Vấp/Phạm Ngũ Lão branches are stale.)",2026-08-28
routine,Routine,Menswear,,523A Quang Trung,Gò Vấp,Gò Vấp,Ho Chi Minh City,Vietnam,mid,400–800k₫,walk-in store,https://instagram.com/routine_official,,,,yes,confirm-first,"Menswear-rooted, now VN's benchmark for office-to-weekend basics; 1,000 m² keystone store (May 2025) + Aeon Bình Tân & Tân Phú Celadon malls. 9:00–22:00 daily. See also Routine U Space (Q10) for the two-floor concept version.",2026-08-28
routine-u-space,Routine U Space,Womenswear,,583 Sư Vạn Hạnh,Q10,Q10 · Hòa Hưng,Ho Chi Minh City,Vietnam,mid,400–800k₫,walk-in store,https://instagram.com/routine_official,,,,,confirm-first,"Routine's two-floor concept space, and the rare Saigon store that is a whole afternoon rather than a stop — budget 2 hours. Ground: casual wear, accessories, café. Upstairs: streetwear, linen & silk pieces, plus a jewellery counter, bakery and ice cream. Pair it with DirtyCoins' destination flagship at 561, a few doors down.",2026-08-28
aristino,Aristino,Menswear,,"L2-17, Vincom Đồng Khởi, 72 Lê Thánh Tôn",D1,D1 · Đồng Khởi,Ho Chi Minh City,Vietnam,premium,shirts 700k–1.5M₫,walk-in store,https://instagram.com/aristino_official,,,event,yes,recorded,"K&G's premium men's brand — sharp shirts, polos & suiting-adjacent smart-casual; 30+ HCMC showrooms (Crescent Mall, Vincom Gò Vấp, D3/D5/Tân Bình). Mall showrooms 9:00–22:00.",2026-08-28
moi-dien,Môi Điên,Menswear,,28 Tôn Thất Thiệp,D1,D1 · Bến Nghé,Ho Chi Minh City,Vietnam,premium,~1–3M₫,walk-in store,https://instagram.com/moidienstudio,,circular,,,confirm-first,"Tom Trandt's cult experimental label — deconstructed tailoring, upcycling, unisex statement pieces. Call ahead ☎ 090 395 12 12.",2026-08-28
cao-minh-saigon,Cao Minh Saigon,Menswear,,74/6 Hai Bà Trưng,D1,D1,Ho Chi Minh City,Vietnam,luxury,from ~14M₫,by appointment,https://instagram.com/caominh1948,,,event,yes,recorded,"Vietnam's oldest tailoring house (est. 1948) — the prestige choice; heritage atelier villa at 193/13 Điện Biên Phủ, Bình Thạnh by appointment. ~9:00–18:00, reservations recommended.",2026-08-28
sir-tailor,SIR Tailor,Menswear,,207F Nguyễn Văn Thủ,D1,D1 · Đa Kao,Ho Chi Minh City,Vietnam,premium,from 7.9M₫,by appointment,https://instagram.com/sirtailorvn,,,event,,recorded,"Modern gentleman's atelier since 2013 — full-canvas suits from 7.9M₫ (Asian cloth) / 16.9M₫ (Italian). Fittings by appointment; 21–30 day turnaround, minimum two fittings.",2026-08-28
h-and-d-tailor,H&D Tailor,Menswear,,"Store No. 5, New World Saigon Hotel arcade, 76 Lê Lai",D1,D1 · Bến Thành,Ho Chi Minh City,Vietnam,premium,from ~6.5M₫,walk-in store,,,,event,,confirm-first,Third-generation master tailor Tạ Quốc Hưng — an expat & business-traveler standby for 20 years; tropical-weight wools a specialty. Mon–Sat ~9:00–19:00.,2026-08-28
le-thanh-hoa,Le Thanh Hoa,Bridal,,67 Sương Nguyệt Ánh,D1,D1 · Bến Thành,Ho Chi Minh City,Vietnam,couture,,by appointment,https://instagram.com/lethanhhoa_bridal,,,event,,recorded,Dresses Miss Universe VN; evening + bridal. Hanoi branch too.,2026-08-28
chung-thanh-phong,Chung Thanh Phong,Bridal,,189/1B Cống Quỳnh,D1,D1,Ho Chi Minh City,Vietnam,couture,,by appointment,https://instagram.com/chungthanhphongbridal,,,event,,recorded,VN's celebrity wedding-dress name.,2026-08-28
phan-huy,Phan Huy,Luxury,,"Showroom, Tân Bình (DM to book)",Tân Bình,Tân Bình,Ho Chi Minh City,Vietnam,couture,,by appointment,https://instagram.com/phanhuy.official,,,event,,recorded,Jan 2026: first Vietnamese on the official Paris Haute Couture calendar.,2026-08-28
sixdo,SIXDO,Luxury,,Flagship 147 Đồng Khởi (+11 more),D1,D1 · 12 HCMC stores,Ho Chi Minh City,Vietnam,premium,,walk-in store,https://instagram.com/sixdovn,,,event; bday,,recorded,Đỗ Mạnh Cường's diffusion RTW chain — feminine floral dresses at scale. (His couture is the separate DMC label.),2026-08-28
valenciani,Valenciani,Luxury,,26 Lý Tự Trọng,D1,D1,Ho Chi Minh City,Vietnam,luxury,,walk-in store,https://instagram.com/valenciani1,,,event,,recorded,"Adrian Anh Tuấn's floaty, ultra-feminine gowns & resort — a red-carpet fixture.",2026-08-28
vungoc-and-son,VUNGOC&SON,Luxury,,85 Lê Thánh Tôn,D1,D1,Ho Chi Minh City,Vietnam,luxury,,walk-in store,https://instagram.com/vungocsonofficial,,,event,,recorded,"Vietnam's colourful duo — vivid, opulent red-carpet gowns for beauty queens.",2026-08-28
do-long,Đỗ Long,Luxury,,442 Võ Văn Tần,D3,D3 · Bàn Cờ,Ho Chi Minh City,Vietnam,luxury,,walk-in store,https://instagram.com/dolongofficial,,,event,,recorded,High-end women's RTW + evening gowns for celebs & pageant queens.,2026-08-28
linh-nga-couture,Linh Nga Couture,Bridal,,284A Nam Kỳ Khởi Nghĩa,D3,D3 · Võ Thị Sáu,Ho Chi Minh City,Vietnam,couture,,by appointment,https://instagram.com/linhngacouture,,,event,,recorded,Haute-couture wedding gowns + heritage eveningwear; also a Hanoi flagship.,2026-08-28
li-lam-lam,LI LAM / LAM,Luxury,,71 Mạc Thị Bưởi + 76A Lê Lợi + Crescent Mall,D1 / D7,D1 / D7,Ho Chi Minh City,Vietnam,luxury,,walk-in store,https://instagram.com/lamboutiquevn,,,event,,recorded,"Minimalist, sensual, fluid womenswear; the layered organza Timeless skirt.",2026-08-28
gia-studios,GIA Studios,Luxury,,125 Hai Bà Trưng,D1,D1,Ho Chi Minh City,Vietnam,luxury,,walk-in store,https://instagram.com/gia_studios,,,event,,recorded,Lâm Gia Khang's quiet luxury — craft-driven minimalism; stocked at Lane Crawford & Farfetch.,2026-08-28
fanci-club,Fancì Club,Luxury,,186 Nguyễn Văn Hưởng,Thủ Đức,Thủ Đức · Thảo Điền,Ho Chi Minh City,Vietnam,luxury,,walk-in store,https://instagram.com/fanci.club,,,night; bday; event,,recorded,"Cult Y2K corsetry & rosette dresses; worn by Bella Hadid, Hailey Bieber, BLACKPINK. 10:00–21:00.",2026-08-28
minh-tuan-couture,Minh Tuan Couture,Luxury,,416/39/13 Dương Quảng Hàm,Gò Vấp,Gò Vấp,Ho Chi Minh City,Vietnam,couture,,by appointment,https://instagram.com/ntk_minhtuan.nguyen,,,event,,recorded,The beauty-queens' designer — hand-beaded gowns & national costumes (H'Hen Niê).,2026-08-28
nguyen-hoang-tu,Nguyễn Hoàng Tú,Luxury,,Appointment / DM — no public address,By appointment,By appointment,Ho Chi Minh City,Vietnam,luxury,,by appointment,https://instagram.com/nguyenhoangtuofficial,,,event,,recorded,"Conceptual artisanal womenswear, sculptural hand-sewing; relaunched May 2026. Confirm address by DM.",2026-08-28
metiseko,Metiseko,Luxury,,157 Đồng Khởi,D1,D1 · Sài Gòn ward,Ho Chi Minh City,Vietnam,premium,,walk-in store,https://instagram.com/metiseko,,cotton; silk,,,recorded,Sustainable print-driven organic-cotton & natural-silk resort wear; controls its whole supply chain. Also Hội An & Hanoi. 8:30–21:30.,2026-08-28
caostu,CAOSTU,Luxury,,7/5 Kỳ Đồng + Vincom Đồng Khởi B1,D3,D3 · Nhiêu Lộc,Ho Chi Minh City,Vietnam,premium,,walk-in store,https://instagram.com/caostu.official,,,,,recorded,"Sculptural layered construction, signature metal eyelets; gender-neutral.",2026-08-28
subtle-le-nguyen,Subtle Le Nguyen,Luxury,,Stocked at Rue Miche + L'Édition,D1,D1 · via Rue Miche,Ho Chi Minh City,Vietnam,premium,,sold via a stockist or hub,https://instagram.com/subtlelenguyen,,,,,recorded,Minimalist contemporary womenswear; own showroom in Hanoi. HCMC = stockist only.,2026-08-28
la-pham,La Phạm,Luxury,,"3F, 125D Lò Đúc",Hanoi,Hanoi,Hanoi,Vietnam,luxury,,walk-in store,https://instagram.com/laphamdesign,,hemp,,,recorded,"Indigenous-fibre luxury — hemp, pandan, hand-dyed brocade + ethnic-minority craft; Paris/London FW. Online/appt for Saigon.",2026-08-28
rue-des-chats,Rue Des Chats,Luxury,,"2 Cổ Tân, Tràng Tiền",Hanoi,Hanoi · Hoàn Kiếm,Hanoi,Vietnam,premium,,walk-in store,https://instagram.com/ruedeschats,,,event; bday,,recorded,Romantic Eurasian RTW with an upstairs tea salon (designer Anhuong Tran).,2026-08-28
ao-dai-vo-viet-chung,Áo Dài Võ Việt Chung,Tailoring & áo dài,,241–243 Nguyễn Đình Chiểu,D3,D3 · Bàn Cờ,Ho Chi Minh City,Vietnam,luxury,,walk-in store,,,silk,event,,recorded,30-year veteran couturier; luxury áo dài & silk gala wear for celebrities and queens.,2026-08-28
thuy-design-house,Thuy Design House,Tailoring & áo dài,,44B Lý Tự Trọng,D1,D1,Ho Chi Minh City,Vietnam,luxury,,walk-in store,https://instagram.com/thuydesignhouse,,,event,,recorded,VN's most famous artistic áo dài designer; painterly brocades.,2026-08-28
kinzu-ao-dai-song-toan,KINZU (Áo Dài Song Toàn),Tailoring & áo dài,,460 Lê Văn Sỹ,D3,D3 · P.14,Ho Chi Minh City,Vietnam,premium,,by appointment,,,,event,,recorded,"Fully made-to-measure áo dài; ~3.7–20M₫, 2–3 wks. ☎ 0933 848 943.",2026-08-28
le-saigonais,Le Saigonais,Tailoring & áo dài,,"1F, 77–79 Lý Tự Trọng",D1,D1,Ho Chi Minh City,Vietnam,premium,,walk-in store,,,,,,recorded,Modern áo dài + concept store with café (dieuANH).,2026-08-28
thai-tuan-silk,Thai Tuấn (silk),Tailoring & áo dài,,419–419A Hai Bà Trưng,D3,D3,Ho Chi Minh City,Vietnam,mid,,walk-in store,,,silk,,,recorded,Silk & jacquard by the metre — bring it to a tailor.,2026-08-28
dong-dong-sai-gon,Dòng Dòng Sài Gòn,Tailoring & áo dài,,"Workshop, Nguyễn Hữu Cảnh",Bình Thạnh,Bình Thạnh,Ho Chi Minh City,Vietnam,premium,,by appointment,https://instagram.com/dongdongsg,,circular,,,recorded,One-of-one bags from salvaged truck tarps — a great client gift.,2026-08-28
sh-silk-embroidery,SH Silk Embroidery,Tailoring & áo dài,,114A/12 Trần Quốc Toản,D3,D3,Ho Chi Minh City,Vietnam,premium,,by appointment,,,,event,,recorded,True hand-embroidered (thêu tay) áo dài & dresses.,2026-08-28
mangii-custom-shoes,ManGii Custom Shoes,Tailoring & áo dài,,228 Lê Thánh Tôn,D1,D1,Ho Chi Minh City,Vietnam,premium,,walk-in store,,,,,,recorded,Handmade custom leather shoes incl. women's; ~800k–3M/pair.,2026-08-28
dung-tailor,Dung Tailor,Tailoring & áo dài,,221 Lê Thánh Tôn,D1,D1,Ho Chi Minh City,Vietnam,mid,,walk-in store,,,,,,recorded,The classic “copy this garment exactly” shop; can finish in <3 days.,2026-08-28
maydo-saigon,Maydo Saigon,Tailoring & áo dài,,"1F, 130 Pasteur",D1,D1,Ho Chi Minh City,Vietnam,premium,,by appointment,,,,event; bday,,recorded,Best recent reviews for women's eveningwear made-to-measure.,2026-08-28
duan-tailor,Duan Tailor,Tailoring & áo dài,,465A Điện Biên Phủ,D3,D3,Ho Chi Minh City,Vietnam,premium,,by appointment,,,,event,,recorded,Heritage bespoke + áo dài; 24–48h express line.,2026-08-28
a-dong-silk,A Dong Silk,Tailoring & áo dài,,23C Lê Văn Miến,Thủ Đức,Thủ Đức · Thảo Điền,Ho Chi Minh City,Vietnam,mid,,walk-in store,,,,,,recorded,The famous Hội An tailor's Saigon branch; dresses ~$40–150.,2026-08-28
olaben,Olaben,Activewear,,"1M Đường số 10, Thảo Điền + 35 Nguyễn Trãi",Thảo Điền / D1,Thảo Điền / D1,Ho Chi Minh City,Vietnam,premium,,walk-in store,https://instagram.com/olaben.official,,,,,recorded,VN's flagship premium activewear; the Thảo Điền store has its own yoga/Reformer studio.,2026-08-28
eql-apparel,EQL Apparel,Activewear,,46 Võ Thị Sáu,D1/D3 edge,D1/D3 edge,Ho Chi Minh City,Vietnam,premium,,walk-in store,https://instagram.com/eql.apparel,,,,,recorded,Saigon-born studio-to-street; also a Six Senses Côn Đảo boutique.,2026-08-28
fitme,Fitme,Activewear,,308–310 Xô Viết Nghệ Tĩnh,Bình Thạnh,Bình Thạnh,Ho Chi Minh City,Vietnam,mid,,walk-in store,https://instagram.com/fitme.sportswearvn,,,,,recorded,Owns its factory; “second-skin” fabrics.,2026-08-28
the-gioi-do-tap,Thế Giới Đồ Tập,Activewear,,thegioidotap.vn locator,Nationwide,Nationwide · 20+,Ho Chi Minh City,Vietnam,mid,,walk-in store,,,,,,recorded,Biggest local activewear chain (house brands ICADO/PAVO).,2026-08-28
shamdi,Shamdi,Activewear,,217 Lê Văn Sỹ,Phú Nhuận,Phú Nhuận,Ho Chi Minh City,Vietnam,mid,,walk-in store,,,,,,recorded,"Lifetime product warranty; also Đà Nẵng, Nha Trang.",2026-08-28
supersports,Supersports,Activewear,,Crescent Mall + 92–94 Nam Kỳ Khởi Nghĩa,D7 / D1,D7 / D1,Ho Chi Minh City,Vietnam,premium,,walk-in store,,,,,,recorded,Authorized route to On Running & HOKA.,2026-08-28
rebn,REBN,Activewear,,rebnofficial.com,Online,Online,Ho Chi Minh City,Vietnam,premium,,online only,https://instagram.com/rebnofficial,,,,,recorded,"Best online-only local pick; minimalist, cut for VN proportions.",2026-08-28
uv100,UV100,Activewear,Sun protection,46 Nguyễn Bỉnh Khiêm (D1) + 645 Nguyễn Đình Chiểu (D3),D1 / D3,D1 / D3,Ho Chi Minh City,Vietnam,mid,,walk-in store,,,,,yes,confirm-first,"ARPANSA-certified UPF 50+ — the measurable one. Taiwanese, distributed by Smarttex.",2026-08-28
hinlet,Hinlet,Activewear,Sun protection,340D Hoàng Văn Thụ,Tân Bình,Tân Bình,Ho Chi Minh City,Vietnam,mid,,walk-in store,,,,,,confirm-first,Sun-resistant fashion since 2016.,2026-08-28
momiu,MOMIU,Activewear,Sun protection,299 Thoại Ngọc Hầu,Tân Phú,Tân Phú,Ho Chi Minh City,Vietnam,mid,,walk-in store,,,,,,confirm-first,The beloved local sun-jacket house.,2026-08-28
tokyolife,TokyoLife,Activewear,Sun protection,683A Âu Cơ,Tân Phú,Tân Phú,Ho Chi Minh City,Vietnam,mid,,walk-in store,,,,,,confirm-first,"Japanese-tech UV “SunStop” shirts, UPF 50+ claimed. Also 73/4b Lê Văn Khương, D12 (outside the mapped zones).",2026-08-28
seeson,SEESON,Accessories,Eyewear,199 Điện Biên Phủ,D3,D3 · Xuân Hòa,Ho Chi Minh City,Vietnam,premium,,walk-in store,https://instagram.com/seesonvn,,,,,recorded,VN's leading frame designer; flagship has in-house optometry + café.,2026-08-28
the-purists-club,The Purists Club,Accessories,Eyewear,"2F, 80 Lý Tự Trọng",D1,D1,Ho Chi Minh City,Vietnam,luxury,,walk-in store,https://instagram.com/tpceyewear,,,,,recorded,"Collector-grade eyewear: Jacques Marie Mage, Kuboraum, Matsuda…",2026-08-28
ananas,Ananas,Accessories,Shoes,386/4 Lê Văn Sỹ + 41 Đặng Thị Nhu +2,D3 / D1 / Bình Thạnh,D3 / D1 / Bình Thạnh,Ho Chi Minh City,Vietnam,mid,,walk-in store,https://instagram.com/ananasvn,,,,,recorded,VN's top vulcanized-sneaker brand.,2026-08-28
shondo,Shondo,Accessories,Shoes,203 Hai Bà Trưng + 66 Nguyễn Trãi,D3 / D5,D3 / D5 · 13+ stores,Ho Chi Minh City,Vietnam,mid,,walk-in store,https://instagram.com/shondo.official,,,,,recorded,Gen-Z sandals/sneakers/clogs.,2026-08-28
vascara,Vascara,Accessories,Shoes,Flagship 375–377 Nguyễn Đình Chiểu,Nationwide,Nationwide · 120+,Ho Chi Minh City,Vietnam,mid,,walk-in store,https://instagram.com/vascara.official,,,,,recorded,Polished women's work-wardrobe shoes & bags.,2026-08-28
juno,Juno,Accessories,Shoes,248 Phan Đình Phùng + 360 Hai Bà Trưng,Nationwide,Nationwide · 90+,Ho Chi Minh City,Vietnam,mid,,walk-in store,https://instagram.com/juno.vn,,,,,recorded,Seedcom-backed; fast design turnover.,2026-08-28
cnes-shoemaker,CNES Shoemaker,Accessories,Shoes,75 Trần Đình Xu + 206 Lê Lai,D1 / Tân Bình,D1 / Tân Bình,Ho Chi Minh City,Vietnam,luxury,,walk-in store,https://instagram.com/cnes_shoemaker,,,,,recorded,Goodyear-welted + bespoke since 1994; mostly men's.,2026-08-28
chautfifth,Chautfifth,Accessories,Bags,288A7 Nam Kỳ Khởi Nghĩa,D3,D3,Ho Chi Minh City,Vietnam,premium,,walk-in store,https://instagram.com/chautfifth,,,,,recorded,Handcrafted structured handbags — the local designer-bag name of the moment.,2026-08-28
curnon,Curnon,Accessories,Watches,348 Lê Văn Sỹ,D3,D3 · Nhiêu Lộc,Ho Chi Minh City,Vietnam,mid,,walk-in store,https://instagram.com/curnon.official,,,,,recorded,VN's first homegrown fashion-watch brand (2016).,2026-08-28
shimmer-silver,Shimmer Silver,Accessories,Jewelry,128 Lê Lai,D1,D1 · Bến Thành,Ho Chi Minh City,Vietnam,mid,,walk-in store,https://instagram.com/shimmersilverjewelry,,,,,recorded,Handmade silver + natural gemstones; VN motifs.,2026-08-28
ame-jewellery,AME Jewellery,Accessories,Jewelry,15F Vincom Center Đồng Khởi,D1,D1 · Đồng Khởi,Ho Chi Minh City,Vietnam,luxury,,by appointment,https://instagram.com/amejewelleryofficial,,,,,recorded,"Bespoke gold/diamonds/pearls, by appointment; ships to 26 countries.",2026-08-28
floralpunk,Floralpunk,Accessories,Jewelry,31–33 Thạch Thị Thanh,D1,D1 · Tân Định,Ho Chi Minh City,Vietnam,premium,,walk-in store,https://instagram.com/floralpunk,,,,,recorded,"Julia Đoàn's cult accessories label — jewelry, bags, eyewear.",2026-08-28
lace-lingerie-lover,Lace Lingerie Lover,Lingerie & intimates,,48 Trần Quang Diệu,D3,D3 · P.14,Ho Chi Minh City,Vietnam,premium,170–350k₫,walk-in store,https://instagram.com/lace.lingerielover,,,,,confirm-first,"Handmade since 2018 and the name most clients already know — lace, embroidered mesh, ribbon straps; 227k on IG, ships worldwide. ☎ 090 691 3207. Its own posts have shown a door at 51 Trần Quang Diệu and older lists give 249 Huỳnh Văn Bánh (Phú Nhuận) — the strip is small, but confirm the number on IG before you go.",2026-08-28
the-clothe,The Clothé,Lingerie & intimates,,6D1 Phan Kế Bính,D1,D1 · Đa Kao,Ho Chi Minh City,Vietnam,premium,300–500k₫,walk-in store,https://instagram.com/theclothe,https://theclothe.vn/,cotton; linen; silk,,yes,confirm-first,"Designed-lingerie house since 2015 — bralettes, push-ups and briefs in lace, cotton, linen and silk. 11:00–21:00; orders also run through Shopee and Facebook. The older 339/58B Lê Văn Sỹ (D3) door still shows on listings.",2026-08-28
fragile-spine,Fragile Spine,Lingerie & intimates,,"Rm 34, 3F, 26 Lý Tự Trọng",D1,D1 · Bến Nghé,Ho Chi Minh City,Vietnam,premium,,by appointment,,https://www.facebook.com/FragileSpine/,,,,confirm-first,"Elegant handmade lingerie line since 2014, up in the 26 Lý Tự Trọng apartment block (the New Playground building). Facebook-led — message before you climb.",2026-08-28
pur-braslove,PUR. Braslove,Lingerie & intimates,,36 Trần Huy Liệu,Phú Nhuận,Phú Nhuận,Ho Chi Minh City,Vietnam,mid,,walk-in store,https://instagram.com/pur.braslove,https://purbraslove.com/,,,,recorded,"Handmade bralettes in light fabrics, plus a small rail of imported names. Fits and advises on body type rather than just selling a size. 10:00–21:00.",2026-08-28
bralette-s-house,Bralette's House,Lingerie & intimates,,351/24 Lê Văn Sỹ,D3,D3 · P.13,Ho Chi Minh City,Vietnam,mid,,walk-in store,,https://bralettehousevn.com/,,,,confirm-first,"Vietnamese-made end to end — fabric, cut and QC in house; creative cuts, lace panels and embroidery. 9:00–21:00.",2026-08-28
cornpink-house,CornPink House,Lingerie & intimates,,318/65 Phạm Văn Hai + 11/23 Phan Huy Ôn (Bình Thạnh) + 417/24A Quang Trung (Gò Vấp),Tân Bình,Tân Bình,Ho Chi Minh City,Vietnam,mid,50–400k₫,by appointment,,https://cornpinkhouse.vn/,,,yes,confirm-first,"Self-designed and hand-sewn sets at the softest prices in the city. Three home-studio doors down alleys — message first, don't just turn up.",2026-08-28
mustoto,Mustoto,Lingerie & intimates,,"31 Đường 27A, P. Bình Trưng",Thủ Đức,Thủ Đức · Bình Trưng,Ho Chi Minh City,Vietnam,mid,,walk-in store,,https://mustoto.com/,tencel,,,confirm-first,"Wire-free bras and loungewear in Lyocell — ask for the Easy Lyocell line. Studio hours 8:00–17:00, so it's a morning stop; the 187 Nguyễn Đình Chiểu (D3) address on listicles is stale.",2026-08-28
sexy-forever,Sexy Forever,Lingerie & intimates,,291 Võ Văn Tần + 119 Lê Văn Sỹ (Phú Nhuận) + 205 Phan Đình Phùng,D3,D3 · P.5,Ho Chi Minh City,Vietnam,mid,,walk-in store,,https://sexyforever.vn/,,,yes,recorded,"Handmade lace sets and lace sleepwear, restocked constantly, with cup runs past the usual local S/M/L. 9:00–22:00.",2026-08-28
lamluy,Lamluy,Lingerie & intimates,,274/10 Nguyễn Văn Đậu + 41/4 Calmette (D1),Bình Thạnh,Bình Thạnh,Ho Chi Minh City,Vietnam,mid,,walk-in store,,,cotton,,yes,confirm-first,"Cotton-first designer lingerie for younger frames, 8:00–22:00. The lamluy.vn site was down when I checked in Aug 2026 — confirm on Facebook it's still trading before making the trip.",2026-08-28
seti-house,Seti House,Lingerie & intimates,,14 Nguyễn Hữu Cầu + 599 Cách Mạng Tháng 8 (Q10),D1,D1 · Đa Kao,Ho Chi Minh City,Vietnam,mid,,walk-in store,,,,,yes,confirm-first,Bralettes by the wall — plain everyday cuts through to themed seasonal drops. Facebook-led; ring ahead.,2026-08-28
linari,Linari,Lingerie & intimates,,A3 Nguyễn Thần Hiến,Q4,Q4 · P.18,Ho Chi Minh City,Vietnam,mid,,walk-in store,https://instagram.com/linari.88,,,,,confirm-first,"Bralette specialist off the tourist grid, run through Instagram; frequent buy-a-bra-get-a-brief promos. Q4 is a short bridge hop from D1.",2026-08-28
thong-tha-lingerie,Thong Thả Lingerie,Lingerie & intimates,,Instagram DM — no published shop door,Online,Online · SGN,Ho Chi Minh City,Vietnam,mid,,online only,https://instagram.com/thongtha.lingerie,,,,,confirm-first,"Saigon IG lingerie studio, 10:00–21:00 by message. ☎ 07 6747 0109.",2026-08-28
daphale-studios,Daphale Studios,Lingerie & intimates,Lingerie line,272C Pasteur + 22 Đặng Thị Nhu + B1 Vincom Đồng Khởi,D1 / D3,D1 / D3,Ho Chi Minh City,Vietnam,premium,,walk-in store,https://instagram.com/daphalestudios,,,,yes,recorded,"Thảo Nhi Lê's house runs a lacy lingerie line beside the RTW — the easiest designer lingerie to buy in a proper store, and it ships worldwide. Same doors as the womenswear listing.",2026-08-28
lace-the-label,Lace The Label,Lingerie & intimates,,Instagram / Facebook orders,Hanoi,Hanoi,Hanoi,Vietnam,mid,,online only,https://instagram.com/lace.thelabel,,,,,confirm-first,"Handmade basic bralettes, made in Vietnam. Hanoi-based — nationwide shipping; DM about overseas.",2026-08-28
corele-v,Corèle V.,Lingerie & intimates,,10B Cách Mạng Tháng 8 + Crescent Mall (D7) + Vincom Thảo Điền,D1,D1 · Bến Thành,Ho Chi Minh City,Vietnam,luxury,,walk-in store,,https://corele-v.com/,,,yes,confirm-first,French house (Corèle International) that opened its first Vietnam store in 2017 — the upmarket fitting alternative to Wacoal. ☎ 0932 665 523.,2026-08-28
triumph,Triumph,Lingerie & intimates,,44 Ba Tháng Hai (Q10) + counters in most malls,Nationwide,Nationwide · mall counters,Ho Chi Minh City,Vietnam,premium,,walk-in store,,https://vn.triumph.com/,,,yes,recorded,European heritage brand (est. 1922). Not a discovery — but dependable band-and-cup sizing when a local label only has S/M/L.,2026-08-28
pandemos,Pandemos,Lingerie & intimates,,205 Lý Tự Trọng + L2 Takashimaya + Vincom Thảo Điền + SC VivoCity,D1,D1 · Bến Thành,Ho Chi Minh City,Vietnam,luxury,,sold via a stockist or hub,,https://pandemos.vn/,,,yes,recorded,"Multi-brand lingerie retailer — Guy Laroche Lingerie, AnneBra and other imported labels under one roof. One stop to try several fits. ☎ 0943 405 353.",2026-08-28
vera,Vera,Lingerie & intimates,,500 Cách Mạng Tháng 8,D3,D3 · P.11,Ho Chi Minh City,Vietnam,mid,,walk-in store,,,,,yes,confirm-first,"Vietnam's best-known homegrown lingerie label (Sonkim) — conservative cuts, wide size run, sold in department stores nationwide.",2026-08-28
ibasic,iBasic,Lingerie & intimates,,"L3 Saigon Centre, 94–96 Nam Kỳ Khởi Nghĩa + 403–405 Nguyễn Đình Chiểu (D3)",D1 / D3,D1 / D3 · 15 stores,Ho Chi Minh City,Vietnam,mid,,walk-in store,,https://ibasicvietnam.com/,,,yes,confirm-first,"The everyday basics chain, women's and men's — cheap, everywhere, and fine for filler in a bulk order. Fibre content varies by line; ask rather than assume cotton.",2026-08-28
ladali,Ladali,Lingerie & intimates,,80 Lê Văn Sỹ,Phú Nhuận,Phú Nhuận,Ho Chi Minh City,Vietnam,mid,,walk-in store,,https://ladali.vn/,,,,confirm-first,Trend-led young lingerie with gift-worthy packaging. 9:00–22:00.,2026-08-28
bom-sister,Bom Sister,Lingerie & intimates,,422 Võ Văn Tần,D3,D3 · P.5,Ho Chi Minh City,Vietnam,mid,38–148k₫,walk-in store,,https://bomsister.vn/,,,yes,confirm-first,"Fixed-price budget racks — bralettes around 88k₫. Same Võ Văn Tần block as Sexy Forever, so the two pair on one walk.",2026-08-28
vincy-homewear,VINCY Homewear,Sleepwear,,"248 Hai Bà Trưng, P. Tân Định, Q.1",D1,D1 · Tân Định,Ho Chi Minh City,Vietnam,mid,sets ~240–740k₫,walk-in store,,https://vincy.com.vn/,cotton,,,recorded,"Cotton/kate/tole homewear chain, 6 HCMC stores — skip the satin lines, buy the cotton. Hotline 7:00–21:30.",2026-08-28
onoff,ONOFF,Sleepwear,,366 Hai Bà Trưng,D1,D1 · Tân Định,Ho Chi Minh City,Vietnam,mid,,walk-in store,,https://onoff.vn/,cotton,,,confirm-first,"Cotton-first underwear & homewear chain (est. 2005) — sleepwear for women and men; 8 HCMC-area stores, live locator at onoff.vn.",2026-08-28
mialala,Mialala,Lingerie & intimates,,"192 Cách Mạng Tháng 8, P.10, Q.3",D3,D3,Ho Chi Minh City,Vietnam,premium,,walk-in store,,https://mialala.vn/,cotton,,,confirm-first,"Lingerie + sleepwear house, 54 stores nationwide — ask for the cotton and đũi pieces; the “lụa” sets are synthetic satin.",2026-08-28
metiseko,Metiseko,Sleepwear,Silk & lounge line,"157 Đồng Khởi, P. Bến Nghé, Q.1",D1,D1 · Bến Nghé,Ho Chi Minh City,Vietnam,luxury,,walk-in store,,https://metiseko.com/,cotton; silk,,,recorded,"Mulberry silk + organic cotton, printed in-house — kimonos, robes and silk camisoles for tropical lounging. Same Đồng Khởi door as the resort-wear boutique. Daily 8:30–21:30.",2026-08-28
catherine-denoual-maison,Catherine Denoual Maison,Sleepwear,,"38 Lý Tự Trọng, Q.1",D1,D1 · Bến Nghé,Ho Chi Minh City,Vietnam,luxury,linen 1.25–3.13M₫ · silk 1.95–5.73M₫,walk-in store,,https://www.catherinedenoual.com/,linen; silk,,,recorded,"Saigon linen house — stone-washed linen & silk pyjamas, kimonos, nightdresses; the city's best sleep fabrics. +84 28 3823 9394.",2026-08-28
wacoal,Wacoal,Lingerie & intimates,Bra fitting,"L2 Takashimaya, 65 Lê Lợi + 232 Hai Bà Trưng (Tân Định)",D1,D1 · Bến Nghé,Ho Chi Minh City,Vietnam,luxury,,walk-in store,,https://wacoal.com.vn/,,,yes,recorded,"The most reliable bra fitting in the city — a real Japanese sizing service, 8 HCMC-area counters. Nightdresses and sleep sets sit alongside the lingerie core, so it doubles as a sleepwear stop.",2026-08-28
tricia-and-verona,Tricia & Verona,Sleepwear,,"37 Đông Du, Q.1",D1,D1 · Đông Du,Ho Chi Minh City,Vietnam,couture,,by appointment,,https://triciaandverona.com/,silk; cotton,,,recorded,Family bespoke house opposite the Sheraton — made-to-measure silk/cotton PJ sets in your fabric; email sales@triciaandverona.com first.,2026-08-28
thomas-nguyen-tailor,Thomas Nguyen Tailor,Sleepwear,,"445/2/2G Quang Trung, P.10, Gò Vấp",Gò Vấp,Gò Vấp,Ho Chi Minh City,Vietnam,couture,,by appointment,,https://thomasnguyentailor.com/,,,,confirm-first,Bespoke house since 2012 — treat pyjamas as a custom shirt-and-trouser commission in your fabric; alterations up to 3 years.,2026-08-28
mira-emb,Mira Emb,Womenswear,,135 Lê Duẩn,Hanoi,Hanoi,Hanoi,Vietnam,premium,,walk-in store,https://instagram.com/mira.emb,,,,,recorded,Handmade embroidery.,2026-08-28
germe,Gèrme,Womenswear,,188 Bà Triệu + 237 Cầu Giấy + 73 Tràng Thi,Hanoi,Hanoi · 3 stores,Hanoi,Vietnam,premium,,walk-in store,https://instagram.com/germe.vn,,,,,recorded,9:00–22:00; freeship nationwide.,2026-08-28
ce-ce,CE CE,Womenswear,,115B6 (verify) Phạm Ngọc Thạch,Hanoi,Hanoi · Đống Đa,Hanoi,Vietnam,premium,,walk-in store,https://instagram.com/ce.ce_studio,,,,,recorded,“More value than you expect.” Made in VN.,2026-08-28
happy-hahaha-studio,Happy Hahaha Studio,Womenswear,,14B1 Lý Nam Đế,Hanoi,Hanoi · Hoàn Kiếm,Hanoi,Vietnam,mid,,walk-in store,https://instagram.com/happyhahahastudio,,,,,recorded,Own designs + China/Korea in-stock mix.,2026-08-28
striped-t,Striped T,Womenswear,,"105B Thanh Bình, Hà Nội",Hanoi,Hanoi,Hanoi,Vietnam,mid,,walk-in store,https://instagram.com/striped.t,,,,,recorded,Worldwide shipping; confirm district.,2026-08-28
josephine-hanoi,Josephine (Hanoi),Womenswear,,275 Phố Huế,Hanoi,Hanoi · Hai Bà Trưng,Hanoi,Vietnam,premium,,walk-in store,https://instagram.com/josephineofficial.vn,,,,,recorded,Hanoi branch of the D1 label.,2026-08-28
lan-huong-fashion-house,Lan Hương Fashion House,Tailoring & áo dài,,18 Âu Cơ,Hanoi,Hanoi · Tây Hồ,Hanoi,Vietnam,couture,,by appointment,,,,event,,recorded,"Áo dài haute couture in a 1,300 m² colonial villa; state-event pieces.",2026-08-28
tan-my-design,Tan My Design,Tailoring & áo dài,,61 Hàng Gai,Hanoi,Hanoi · Hoàn Kiếm,Hanoi,Vietnam,premium,,walk-in store,,,silk,,,recorded,4-generation hand embroidery + silk tailoring since 1969.,2026-08-28
kilomet109,Kilomet109,Luxury,,"Studio, appointment only",Hanoi,Hanoi · appt,Hanoi,Vietnam,couture,,by appointment,https://instagram.com/kilomet109,,hemp; cotton,event,,recorded,Seed-to-garment eco couture; VN's most internationally cited slow-fashion designer.,2026-08-28
chats-by-c-dam,CHATS by C.DAM,Luxury,,47 Mai Hắc Đế,Hanoi,Hanoi · Hai Bà Trưng,Hanoi,Vietnam,couture,,walk-in store,https://instagram.com/chatsbycdam,,,event,,recorded,Architectural couture; dressed Esther Yu at Cannes 2026.,2026-08-28
hoang-minh-ha,Hoàng Minh Hà,Luxury,,Atelier by appointment,Hanoi,Hanoi · appt,Hanoi,Vietnam,couture,,by appointment,https://instagram.com/hoangminhha__,,,event,,recorded,Haute-couture incl. áo dài; opened Aquafina VIFW FW2022.,2026-08-28
ha-linh-thu,Hà Linh Thu,Luxury,,"59 Ngô Tất Tố, Bình Thạnh (HCMC) + Hanoi atelier",Bình Thạnh + Hanoi,Bình Thạnh + Hanoi,Ho Chi Minh City,Vietnam,couture,,by appointment,https://instagram.com/halinhthu,,silk,event,,recorded,Hand-crafted silk “wearable art”; one of Hanoi's longest-running couture houses.,2026-08-28
tran-hung,Trần Hùng,Luxury,,"383 Nguyễn Duy Trinh, Thủ Đức (HCMC) + Hanoi",Thủ Đức + Hanoi,Thủ Đức + Hanoi,Ho Chi Minh City,Vietnam,luxury,,walk-in store,https://instagram.com/tranhungofficial,,,event,,recorded,First Vietnamese London Fashion Week member; 12+ LFW collections.,2026-08-28
phan-dang-hoang,Phan Đăng Hoàng,Luxury,,"36 Đặng Thị Nhu, D1 — single-source",D1,D1 · Milan (verify),Ho Chi Minh City,Vietnam,couture,,by appointment,https://instagram.com/_phandanghoang_,,,event,,recorded,First Vietnamese brand on the Milan Fashion Week runway; Forbes 30U30.,2026-08-28
dimo,Dimo,Womenswear,,"Home atelier, online",Đà Nẵng,Đà Nẵng,Vietnam,Vietnam,mid,,online only,https://instagram.com/dimo.foru,,,,,recorded,“Tiệm may nhà làm.”,2026-08-28
shu-shi,Shu Shi,Womenswear,,60 Nguyễn Thị Minh Khai,Buôn Ma Thuột,Buôn Ma Thuột,Vietnam,Vietnam,mid,,walk-in store,https://instagram.com/shushi_clothing,,linen,,,recorded,Linen; IG ~35% below Shopee.,2026-08-28
mayhem,Mayhem,Vintage,,136/1 Lê Thánh Tôn,D1,D1 · Bến Thành,Ho Chi Minh City,Vietnam,mid,,walk-in store,https://instagram.com/mayhem.saigon,,circular,,,recorded,"Saigon's vintage pioneer — Japan-sourced racks, strong tailoring-era pieces. 10:00–21:00.",2026-08-28
maintwo,Maintwo,Vintage,,156/4B Lý Tự Trọng,D1,D1 · Bến Thành,Ho Chi Minh City,Vietnam,mid,,walk-in store,https://instagram.com/maintwosg,,circular,,,recorded,Y2K & '90s streetwear vintage since 2016 — hidden-alley shop. 10:00–21:00; worldwide shipping.,2026-08-28
hebe-vintage,Hebe Vintage,Vintage,,"2F backstairs, 42 Tôn Thất Thiệp",D1,D1 · Bến Nghé,Ho Chi Minh City,Vietnam,mid,,walk-in store,https://instagram.com/hebevintage,,circular,,,recorded,"Handpicked one-offs — denim maxis, Y2K; inside the 42 TTT thrift mall.",2026-08-28
the-normal,The Normal,Vintage,,52 Nguyễn Bá Huân,Thảo Điền,Thảo Điền,Ho Chi Minh City,Vietnam,mid,,walk-in store,https://instagram.com/thenormal_thriftshop,,circular,,,recorded,"Curated women's thrift — casual, feminine, retro; shoes-off fitting room. 10:00–20:00 daily.",2026-08-28
2-abnormal,2.abnormal,Vintage,,"407/8 Lê Văn Sỹ, P.12",D3,D3 · Lê Văn Sỹ,Ho Chi Minh City,Vietnam,mid,,walk-in store,https://instagram.com/2.abnormal,,circular,,,recorded,Reworked vintage + handmade accessories; worldwide shipping.,2026-08-28
cho-ban-co-do-si,Chợ Bàn Cờ đồ si,Vintage,,"Bàn Cờ & hẻm 664 Nguyễn Đình Chiểu, P.3",D3,D3 · Bàn Cờ,Ho Chi Minh City,Vietnam,none,,walk-in store,,,circular,,,confirm-first,"Classic đồ si alley market — dig-for-it secondhand piles. Go morning, bargain gently.",2026-08-28
nhat-tao-secondhand-shops,Nhật Tảo secondhand shops,Vintage,,"Nhật Tảo street, P.7",Q10,Q10 · Nhật Tảo,Ho Chi Minh City,Vietnam,none,,walk-in store,,,circular,,,confirm-first,"A strip of đồ si houses; quality varies rack to rack — a hunting ground, not a boutique.",2026-08-28
rue-miche-l-edition,Rue Miche L'Édition,Market,,"Union Square B3, 171 Đồng Khởi",D1,D1 · Đồng Khởi,Ho Chi Minh City,Vietnam,none,,walk-in store,https://instagram.com/ruemiche,,,,,recorded,"SE Asia's largest multi-brand local-fashion store: 4,728 m², 120+ VN brands + rotating pop-ups. 10:00–21:30.",2026-08-28
the-new-playground,The New Playground,Market,,26 Lý Tự Trọng,D1,D1 · Bến Nghé,Ho Chi Minh City,Vietnam,none,,walk-in store,https://instagram.com/thenewplayground,,,,,recorded,Underground concept mall — 50+ local streetwear brands; seasonal events.,2026-08-28
hello-weekend-market,Hello Weekend Market,Market,,"Usually Hoa Lư Stadium, 2–4 Đinh Tiên Hoàng",D1,D1 · roams,Ho Chi Minh City,Vietnam,none,,pop-up,https://instagram.com/helloweekendmarket,,,,,recorded,HCMC's biggest youth fashion fair since 2013; check IG for the weekend venue.,2026-08-28
the-box-market,The Box Market,Market,,125 Hai Bà Trưng + Lê Lai,D1,D1,Ho Chi Minh City,Vietnam,none,,pop-up,,,circular,,,recorded,"Curated indie: young fashion, handmade accessories, vintage.",2026-08-28
saigon-flea-market,Saigon Flea Market,Market,,Boomerang Bistro,D7,D7 · Phú Mỹ Hưng,Ho Chi Minh City,Vietnam,none,,pop-up,,,circular,,,recorded,1st & 3rd Sunday; handmade + vintage pioneer market.,2026-08-28
saigon-vintage-market,Saigon Vintage Market,Market,,Recent: Bloq Saigon,Roams,Roams,Ho Chi Minh City,Vietnam,none,,pop-up,,,circular,,,recorded,Curated vintage/preloved — a stylist favourite.,2026-08-28
saigon-urban-flea,Saigon Urban Flea,Market,,"Saigon Outcast, 188/1 Nguyễn Văn Hưởng",Thảo Điền,Thảo Điền,Ho Chi Minh City,Vietnam,none,,pop-up,,,circular,,,recorded,Vintage/secondhand + artisan craft + workshops.,2026-08-28
thiso-mall-pop-ups,Thiso Mall pop-ups,Market,,10 Mai Chí Thọ,Thủ Thiêm,Thủ Thiêm,Ho Chi Minh City,Vietnam,none,,pop-up,,,,,,recorded,Rotating short brand pop-ups; check the current lineup.,2026-08-28
ononmm,OnOnMM ®,Womenswear,,1C Lê Thị Riêng,D1,D1 · Bến Thành,Ho Chi Minh City,Vietnam,premium,,walk-in store,https://instagram.com/ononmm.monde,,,,,recorded,Established minimalist label. 9:00–21:30.,2026-08-28
cocosin,Cocosin,Womenswear,,365 Võ Văn Tần,D3,D3 · P.5,Ho Chi Minh City,Vietnam,premium,,walk-in store,https://instagram.com/cocosin.official,,,bday,,recorded,Long-running favourite; polished feminine RTW. 9:00–21:30.,2026-08-28
libe,Libé,Womenswear,,52 Nguyễn Trãi + 26 Lý Tự Trọng,D1,D1,Ho Chi Minh City,Vietnam,premium,,walk-in store,https://instagram.com/libeworkshop,,,,,recorded,Libé Workshop — elevated everyday staples.,2026-08-28
wephobia,Wephobia,Womenswear,,98 Lý Tự Trọng,D1,D1 · Bến Thành,Ho Chi Minh City,Vietnam,premium,,walk-in store,https://instagram.com/wephobiastudio,,,night,,recorded,Cool-girl contemporary RTW. 9:00–21:30.,2026-08-28
nosbyn,Nosbyn,Womenswear,,9 Phan Chu Trinh + Thảo Điền,D1,D1 · Bến Thành,Ho Chi Minh City,Vietnam,premium,,walk-in store,https://instagram.com/nosbyn,,,,,recorded,Minimalist wardrobe staples; also the Thảo Điền studio.,2026-08-28
daphale-studios,Daphale Studios,Womenswear,,272C Pasteur + 22 Đặng Thị Như + Vincom,D1 / D3,D1 / D3,Ho Chi Minh City,Vietnam,premium,,walk-in store,https://instagram.com/daphalestudios,,,,,recorded,Contemporary designer RTW; three points of sale.,2026-08-28
whenever-atelier,Whenever Atelier,Womenswear,,141/8 Bàn Cờ + Vincom 26 Lý Tự Trọng,D3,D3,Ho Chi Minh City,Vietnam,premium,,walk-in store,https://instagram.com/whenever.atelier,,,,,recorded,Tailoring-led womenswear. 10:00–21:00.,2026-08-28
kathy-atelier,Kathy Atelier,Womenswear,,6 Trần Quang Diệu,D3,D3 · P.14,Ho Chi Minh City,Vietnam,premium,,walk-in store,https://instagram.com/kathy.atelier.vn,,,,,recorded,Anchors the Trần Quang Diệu design strip. 10:00–21:00.,2026-08-28
laneci,Laneci,Womenswear,,27 Trần Quang Diệu,D3,D3 · P.14,Ho Chi Minh City,Vietnam,premium,,walk-in store,https://instagram.com/laneci.stu,,,bday,,recorded,Refined feminine RTW on the TQD strip. 10:00–22:00.,2026-08-28
so-vintage,Sò Vintage,Vintage,,"200 Nguyễn Thị Minh Khai, Phường Võ Thị Sáu, Quận 3",D3,D3 · Võ Thị Sáu,Ho Chi Minh City,Vietnam,mid,,walk-in store,https://instagram.com/sovintage_house,,circular,,,recorded,Curated vintage.,2026-08-28
anna-clothes,Anna Clothes,Womenswear,,292/26 CMT8 + 73 Nguyễn Cư Trinh + Gò Vấp,D3 / D1 / Gò Vấp,D3 / D1 / Gò Vấp,Ho Chi Minh City,Vietnam,mid,,walk-in store,https://instagram.com/annaclothing.vn,,,,,recorded,"Cute, affordable RTW; several branches.",2026-08-28
levents,Levents,Womenswear,,325 Hoàng Sa + 139E Nguyễn Trãi + 842 Sư Vạn Hạnh,D1 / Q10,D1 / Q10,Ho Chi Minh City,Vietnam,mid,,walk-in store,https://instagram.com/leventsbrand,,,,,recorded,Cult local streetwear. 10:00–21:30.,2026-08-28
hangkao-closet,Hangkao Closet,Womenswear,,448/9 Lê Văn Sỹ,D3,D3 · P.14,Ho Chi Minh City,Vietnam,mid,,walk-in store,https://instagram.com/hangkao_closet,,,,,recorded,Trend-led local closet.,2026-08-28
veos,Veos,Womenswear,,279 Nguyễn Trãi,D1,D1,Ho Chi Minh City,Vietnam,mid,,walk-in store,https://instagram.com/veosbykhanh,,,,,recorded,Contemporary RTW.,2026-08-28
thao-bibi,Thao Bibi,Womenswear,,128 Nguyễn Trãi,Q5,Q5 · Chợ Quán,Ho Chi Minh City,Vietnam,mid,,walk-in store,https://instagram.com/thao_bibii,,,,,recorded,Popular local womenswear.,2026-08-28
lalune,LaLune,Womenswear,,laluneofficial.com — DM,Online,Online,Ho Chi Minh City,Vietnam,premium,,online only,https://instagram.com/_lalune_official_,,,,,recorded,Online gallery; elevated feminine RTW.,2026-08-28
mael-femme,Mael Femme,Womenswear,,DM for showroom/appointment,Online / showroom,Online / showroom,Ho Chi Minh City,Vietnam,premium,,online only,https://instagram.com/mael.femme,https://mael.vn/,,,,recorded,Sells online; registered at Saigon Centre.,2026-08-28
bupbes,Bupbes,Womenswear,,bupbes.com,Online,Online,Ho Chi Minh City,Vietnam,mid,,online only,,https://bupbes.com/,,,,recorded,Online boutique.,2026-08-28
kae,Kae,Womenswear,,DM · kae.fficial@gmail.com,Online,Online,Ho Chi Minh City,Vietnam,mid,,online only,https://instagram.com/kae_fficial,,,,,recorded,Worldwide shipping.,2026-08-28
aisytum,Aisytum,Womenswear,,beacons.ai/by.aisytum,Online,Online,Ho Chi Minh City,Vietnam,mid,,online only,https://instagram.com/aisytum,,,,,recorded,Thiết kế; IG cheaper than Shopee.,2026-08-28
miah-noir,Miah Noir,Womenswear,,"DM, pre-order",Online,Online,Ho Chi Minh City,Vietnam,mid,,online only,https://instagram.com/miah.noir,,,,,recorded,No COD; worldwide.,2026-08-28
is-flourish,Is Flourish,Womenswear,,DM to order,Online,Online,Ho Chi Minh City,Vietnam,mid,,online only,https://instagram.com/is.flourish,,,,,recorded,Handmade in Vietnam.,2026-08-28
lussera,Lussera,Womenswear,,DM,Online,Online,Ho Chi Minh City,Vietnam,mid,,online only,https://instagram.com/lussera.vita,,,,,recorded,Hometown HCMC; worldwide.,2026-08-28
szombies,Szombies,Womenswear,,shopee.vn/szombies,Online,Online,Ho Chi Minh City,Vietnam,mid,,online only,https://instagram.com/szombies.official,,,,,recorded,Worldwide shipping.,2026-08-28
wabitales,Wabitales,Womenswear,,shopee.vn/wabitales,Online,Online,Ho Chi Minh City,Vietnam,mid,,online only,https://instagram.com/wabitales,,,,,recorded,Online clothing shop.,2026-08-28
vanila-gals,Vanila Gals,Womenswear,,DM / FB,Online,Online,Ho Chi Minh City,Vietnam,mid,,online only,https://instagram.com/vanila.gals,,,,,recorded,Based in HCMC; worldwide.,2026-08-28
amory,Amory,Womenswear,,Shopee,Online,Online,Ho Chi Minh City,Vietnam,mid,,online only,https://instagram.com/amory.storevn,,,,,recorded,"Embracing beauty, anywhere.",2026-08-28
xinh-ha,Xinh Hà,Womenswear,,WhatsApp +84 964 989898,Online,Online,Ho Chi Minh City,Vietnam,mid,,online only,https://instagram.com/xinhhaofficial,,,,,recorded,RTW design; PayPal accepted.,2026-08-28
sensore,Sensore,Womenswear,,DM · Zalo 0937427006,Online,Online,Ho Chi Minh City,Vietnam,mid,,online only,https://instagram.com/sensore.studio,,,,,recorded,Saigon; 11:00–21:00.,2026-08-28
lovelyn,Lovelyn,Womenswear,,lovelyn.co,Online,Online,Ho Chi Minh City,Vietnam,mid,,online only,https://instagram.com/lovelyn.global,,,,,recorded,Worldwide shipping.,2026-08-28
punch,Punch,Womenswear,,shopee.vn/punchvn,Online,Online,Ho Chi Minh City,Vietnam,mid,,online only,https://instagram.com/punch.vn,,,,,recorded,Online in Saigon; worldwide.,2026-08-28
perpearl,Perpearl,Womenswear,,perpearl.com,Online,Online · VN,Vietnam,Vietnam,mid,,online only,https://instagram.com/perpearlofficial,,,,,recorded,Girls are Pearls.,2026-08-28
katherine-studio,Katherine Studio,Womenswear,,Shopee · linkbio,Online,Online · VN,Vietnam,Vietnam,mid,,online only,https://instagram.com/katherine_studios,,,,,recorded,Made in VN; ships worldwide.,2026-08-28
jujubae,Jujubae,Womenswear,,shopee.vn/jujubae.official,Online,Online · VN,Vietnam,Vietnam,mid,,online only,https://instagram.com/jujubae.official,,,bday,,recorded,Since 2021; coquette dresses.,2026-08-28
lua-la-by-diem,Lụa Là by Diễm,Womenswear,,vn.shp.ee/APdvJoh,Online,Online · VN,Vietnam,Vietnam,mid,,online only,https://instagram.com/lualabydiem,,silk,,,recorded,Silk.,2026-08-28
oceara,OCÉARA,Womenswear,,Shopee,Online,Online · VN,Vietnam,Vietnam,mid,,online only,https://instagram.com/oceara.official,,,,,recorded,Vietnam-based online shop.,2026-08-28
some-official,Some Official,Womenswear,,beacons.ai/someofficial,Online,Online · VN,Vietnam,Vietnam,premium,,online only,https://instagram.com/someofficial.vn,,,,,recorded,Minimal chic; no COD.,2026-08-28
brown-vn,Brown VN,Womenswear,,brownvn.com,Online,Online · VN,Vietnam,Vietnam,mid,,online only,https://instagram.com/brown.vn,,,,,recorded,"Online exclusive, no Shopee.",2026-08-28
matemade,Matemade,Womenswear,,shopee.vn/matemade.vn,Online,Online · VN,Vietnam,Vietnam,mid,,online only,https://instagram.com/matemade.official,,,,,recorded,Have a taste.,2026-08-28
jennie-choo,Jennie Choo,Womenswear,,jenniechoo.vn,Online,Online · VN,Vietnam,Vietnam,mid,,online only,https://instagram.com/jenniechoo.official,,,bday,,recorded,Princess-y dresses.,2026-08-28
by-cotno,By Cotno,Womenswear,,DM · cotno.loveu@gmail.com,Online,Online · VN,Vietnam,Vietnam,mid,,online only,https://instagram.com/bycotno,,,,,recorded,Worldwide shipping.,2026-08-28
velvet-venom,Velvet Venom,Womenswear,,velvetvenom.co,Online,Online · VN,Vietnam,Vietnam,premium,,online only,https://instagram.com/velvetvenomofficial,,,night,,recorded,"Slow fashion, handcrafted.",2026-08-28
rid-kid-closet,Rid Kid Closet,Womenswear,,DM,Online,Online · VN,Vietnam,Vietnam,mid,,online only,https://instagram.com/ridkidcloset,,,event; bday,,recorded,Handmade custom couture.,2026-08-28
vintage-angel-tailor,Vintage Angel Tailor,Vintage,,DM,Online,Online · VN,Vietnam,Vietnam,mid,,online only,https://instagram.com/vintage.angel.tailor,,,,,recorded,"Made-to-measure, handmade limited.",2026-08-28
feiin-atelier,Feiin Atelier,Womenswear,,shopee.vn/feiin_atelier,Online,Online · VN,Vietnam,Vietnam,mid,,online only,https://instagram.com/feiin.atelier,,,,,recorded,Lingerie sister label too.,2026-08-28
dune-de-label,Dune De Label,Womenswear,,Shopee VN/TH/SG,Online,Online · VN,Vietnam,Vietnam,premium,,online only,https://instagram.com/dune.delabel,,,,,recorded,"Bikini, resort & RTW.",2026-08-28
aoi-zone,Aoi Zone,Womenswear,,Shopee,Online,Online · VN,Vietnam,Vietnam,mid,,online only,https://instagram.com/aoi_zone,,,,,recorded,Dolls of apocalypse.,2026-08-28
her-day-off,Her Day Off,Womenswear,,Stocked at @nayykiaa.empor,Online,Online · VN,Vietnam,Vietnam,mid,,online only,https://instagram.com/her.dayoff,,,,,recorded,Stockist address unconfirmed.,2026-08-28
sonancy-mood,Sonancy Mood,Womenswear,,DM,Online,Online · VN,Vietnam,Vietnam,mid,,online only,https://instagram.com/sonancy.mood,,,,,recorded,In the mood for summer.,2026-08-28
aeva-atelier,Aeva Atelier,Womenswear,,aevaatelier.com,Online,Online · VN,Vietnam,Vietnam,mid,,online only,https://instagram.com/aevaatelier,,,,,recorded,Check site for details.,2026-08-28
weekend-hub,Weekend Hub,Womenswear,,DM,Online,Online · VN,Vietnam,Vietnam,mid,,online only,https://instagram.com/weekendhub_official,,,,,recorded,Novel aesthetics for girls.,2026-08-28
bubble,Bubble,Womenswear,,bubbleslay.vn,Online,Online · VN,Vietnam,Vietnam,mid,,online only,https://instagram.com/bubble.slayyy,,,,,recorded,In-house designs.,2026-08-28
aguja-studio,Aguja Studio,Womenswear,,shopee.vn/aguja.studio,Online,Online · VN,Vietnam,Vietnam,mid,,online only,https://instagram.com/aguja.studio,,,,,recorded,Online studio.,2026-08-28
swessy,Swessy,Womenswear,,DM,Online,Online · VN,Vietnam,Vietnam,mid,,online only,https://instagram.com/swessy.ss,,,,,recorded,Born sweet; designed in VN.,2026-08-28
the-nicolette-house,The Nicolette House,Womenswear,,thenicolettehouse.com,Online,Online · VN,Vietnam,Vietnam,mid,,online only,https://instagram.com/thenicolettehouse,,,,,recorded,Est. 2021; online only.,2026-08-28
aimee,Aimee,Womenswear,,shopee.vn/aimee.sg,Online,Online · VN,Vietnam,Vietnam,mid,,online only,https://instagram.com/aimeee.sg,,,,,recorded,Online only.,2026-08-28
laling,Laling,Womenswear,,lalingofficial.com,Online,Online · VN,Vietnam,Vietnam,mid,,online only,https://instagram.com/laling.official,,,,,recorded,"Your beauty, our inspiration.",2026-08-28
rosie,Rosie,Womenswear,,DM,Online,Online · VN,Vietnam,Vietnam,mid,,online only,https://instagram.com/rosieofficial.vn,,,,,recorded,Worldwide delivery.,2026-08-28
morris,Morris,Womenswear,,FB Morris Official,Online,Online · VN,Vietnam,Vietnam,mid,,online only,https://instagram.com/morris.officiall,,,,,recorded,Separate brand from Mooris (D3 store).,2026-08-28
keira-tong,Keira Tong,Womenswear,,keiratong.com,Online,Online · VN,Vietnam,Vietnam,premium,,online only,https://instagram.com/keiratong.official,,,,,recorded,Designer label.,2026-08-28
oak-wear-of-a-kind,OAK — Wear of a Kind,Womenswear,,msha.ke/wear_oak,Online,Online · VN,Vietnam,Vietnam,mid,,online only,https://instagram.com/wear_ofakind,,,,,recorded,Curated rare VN + Indonesian pieces.,2026-08-28
kaiiros,Kaiiros,Womenswear,,Shopee,Online,Online · VN,Vietnam,Vietnam,premium,,online only,https://instagram.com/kaiiros.official,,,,,recorded,Australian/Vietnamese label.,2026-08-28
guvie,Guvie,Womenswear,,Shopee,Online,Online · VN,Vietnam,Vietnam,mid,,online only,https://instagram.com/guvie.official,,,,,recorded,Design fashion.,2026-08-28
sundei,Sundei,Womenswear,,Shopee,Online,Online · VN,Vietnam,Vietnam,mid,,online only,https://instagram.com/sundei.studio,,,,,recorded,Online studio.,2026-08-28
sister-sister-by-min,Sister Sister by Min,Womenswear,,shopee.vn/sistersisterbymin,Online,Online · VN,Vietnam,Vietnam,mid,,online only,https://instagram.com/sistersisterbymin,,,,,recorded,"Basic, elegant looks.",2026-08-28
thrifty-chuoi,Thrifty Chuối,Womenswear,,DM · PayPal/Wise,Online,Online · VN,Vietnam,Vietnam,mid,,online only,https://instagram.com/thrifty.chuoi,,,,,recorded,Thrift; worldwide from $15.,2026-08-28
velia-co,Velia Co,Accessories,Bags,FB,Online,Online · VN,Vietnam,Vietnam,mid,,online only,https://instagram.com/velia.co,,,,,recorded,Name-engraved bags.,2026-08-28
mood-emode,Mood Emode,Womenswear,,DM · FB moodemode2019,Hanoi,Hanoi · online,Hanoi,Vietnam,premium,,online only,https://instagram.com/mood.emode,,,,,recorded,Tailor house / atelier.,2026-08-28
kistiny,Kistiny,Womenswear,,DM · 0888040309,Hanoi,Hanoi · online,Hanoi,Vietnam,mid,,online only,https://instagram.com/kistiny.ig,,,,,recorded,Ships 10–14 days.,2026-08-28
by-fairy,By Fairy,Womenswear,,shopee.vn/byfair.vn,Hanoi,Hanoi · online,Hanoi,Vietnam,mid,,online only,https://instagram.com/byfairy.vn,,,,,recorded,Online store.,2026-08-28
poppy-babi,Poppy Babi,Tailoring & áo dài,,DM / FB,Hanoi,Hanoi · online,Hanoi,Vietnam,premium,,online only,https://instagram.com/poppybabi.couture,,silk,,,recorded,Silk made-to-measure tailor.,2026-08-28
i-sport,I.Sport,Activewear,,549/43 Xô Viết Nghệ Tĩnh,Bình Thạnh,Bình Thạnh,Ho Chi Minh City,Vietnam,premium,,walk-in store,,,,,,confirm-first,Gray-import boutique (Alo / Lorna Jane / Lululemon) — verify each piece.,2026-08-28
coolmate,Coolmate,Activewear,,"B2, Hanoi Centre, 175 Nguyễn Thái Học",Hanoi,Hanoi · Đống Đa,Hanoi,Vietnam,mid,,walk-in store,,,,,,recorded,"Online-first D2C giant — no HCMC retail store (Thủ Đức offices/warehouse only); women's line since Mar 2025. UPF 50+ UV Protection collection, Intertek-tested.",2026-08-28
hibi-sports,Hibi Sports,Activewear,,hibisports.com,Online,Online,Ho Chi Minh City,Vietnam,mid,,online only,,,,,,recorded,Online-first women's yoga/gym wear.,2026-08-28
kydra,Kydra,Activewear,,kydra.co,Singapore,Singapore,International,,premium,,online only,,,,,,recorded,Ships to VN; no VN stockist.,2026-08-28
aeyo,aeyo,Activewear,,shopee.vn/aeyo.fit · IG,Online,Online,Ho Chi Minh City,Vietnam,premium,,online only,https://instagram.com/aeyo.fit,,,,,recorded,"Studio-to-street, made in VN; flattering, shoots well. @aeyo.fit is the active account (@aeyogirlsclub is login-walled).",2026-08-28
augety,Augety,Activewear,,augetystudio.com · Shopee,Online,Online,Ho Chi Minh City,Vietnam,mid,,online only,https://instagram.com/augety.st,,,,,recorded,HCMC-based feminine gym-to-café sets; figure-flattering.,2026-08-28
onways,ONWAYS,Activewear,,62 Hoàng Thế Thiện,Thủ Đức,Thủ Đức · An Khánh,Ho Chi Minh City,Vietnam,mid,,walk-in store,https://instagram.com/onway.sportswear,,,,,recorded,"Coffee-yarn (S.Café) is recycled PET — polyester, not a natural fibre. Light-performance basics.",2026-08-28
alva-activewear,Alva Activewear,Activewear,,96 Bà Hom (Chi Sport),D6,D6,Ho Chi Minh City,Vietnam,mid,,walk-in store,,,,,,recorded,Budget export-surplus (VNXK) yoga/crop sets; flattering. IG unconfirmed.,2026-08-28
set-active,Set Active,Activewear,,setactive.co — ships to VN,"California, USA","California, USA",International,,premium,,online only,,,,,,recorded,Elevated matching sets in seasonal colour drops; sculpting 'it-girl'. Ships to Vietnam.,2026-08-28
splits59,Splits59,Activewear,,splits59.com — ships to VN,"California, USA","California, USA",International,,premium,,online only,,,,,,recorded,Retro-sporty '70s track / '80s aerobics; polished sporty-refined. Ships to Vietnam.,2026-08-28
aviator-nation,Aviator Nation,Activewear,,aviatornation.com — likely ships VN,"Venice, California","Venice, California",International,,premium,,online only,,,,,,recorded,1970s CA surf/vintage; signature stitched stripes on brushed fleece.,2026-08-28
mimilys,Mimilys,Vintage,,Worldwide; Wise/Remitly,Thailand,Thailand,International,,mid,,online only,https://instagram.com/mimilysshop,,circular,,,recorded,Vintage secondhand.,2026-08-28
jula,Jula,Womenswear,,The Avenues Phase 3 + Shuwaikh,Kuwait,Kuwait,International,,premium,,walk-in store,https://instagram.com/julalinekw,,,event; bday,,recorded,"Occasion dresses, designed in Kuwait.",2026-08-28
the-31,The 31,Womenswear,,16 Quốc Hương,Thảo Điền,Thảo Điền,Ho Chi Minh City,Vietnam,premium,,walk-in store,https://instagram.com/the31_vn,https://the31.vn/,linen; cotton,,,recorded,"Plant-based only: linen from France & Holland, organic cotton from India. Men & women.",2026-08-28
ginkgo-t-shirts,Ginkgo T-shirts,Womenswear,,10 Lê Lợi (+ 3 more D1 doors),D1,D1 · Bến Nghé,Ho Chi Minh City,Vietnam,mid,,walk-in store,https://instagram.com/ginkgotshirts,https://ginkgotshirts.com/,cotton,,,recorded,"GOTS organic-cotton tees, polos & shirts — some styles blend elastane. Men & women.",2026-08-28
cuddle,Cuddle,Womenswear,,7 Đường số 1,Thảo Điền,Thảo Điền,Ho Chi Minh City,Vietnam,premium,,walk-in store,https://instagram.com/cuddle.linenclothing,https://cuddle.vn/,linen,,,recorded,"100% pure linen since 2017; linen bedding too. Menswear line = emdash, same door.",2026-08-28
emdash,emdash,Menswear,,7 Đường số 1,Thảo Điền,Thảo Điền,Ho Chi Minh City,Vietnam,premium,,walk-in store,https://instagram.com/emdash_saigon,https://cuddle.vn/collections/emdash-linen-for-men,linen,,,recorded,"Cuddle's menswear line (2023) — linen shirts, trousers, sets. Same Thảo Điền door.",2026-08-28
timtay,TimTay,Womenswear,,20/9 Nguyễn Bính (+ Phú Mỹ Hưng concept store),D7,D7 · Tân Hưng,Ho Chi Minh City,Vietnam,premium,,walk-in store,https://instagram.com/timtayofficial,https://timtay.me/,linen; cotton; silk,,,recorded,"Zero-waste cutting since 2014 — linen, cotton & mulberry silk. 10:00–19:00 daily.",2026-08-28
rustea,Rustea,Womenswear,,"23A Đường số 54, Thảo Điền",Thủ Đức,Thủ Đức · Thảo Điền,Ho Chi Minh City,Vietnam,mid,,walk-in store,https://instagram.com/rustea.vn,https://rustea.vn/,linen; cotton; silk,,,confirm-first,"Unisex linen, cotton & silk since 2017. A second Thảo Điền door is listed — call 0899 899 767.",2026-08-28
meman,Mêman,Menswear,,26B–C Lê Lợi,D1,D1 · Bến Nghé,Ho Chi Minh City,Vietnam,premium,,walk-in store,https://instagram.com/meman.saigon,,linen,,,recorded,Minimalist menswear & modern áo dài in Japanese linen. 11:00–20:00.,2026-08-28
moriko-saigon,Moriko Saigon,Womenswear,,158/37 Trần Huy Liệu,Phú Nhuận,Phú Nhuận,Ho Chi Minh City,Vietnam,premium,,walk-in store,https://instagram.com/linenbymoriko,https://morikosaigon.vn/,linen; silk,,,recorded,Linen & hand-embroidery house since 2018; linen áo dài and silk. 9:00–20:00.,2026-08-28
leinne,Leinné,Accessories,Hats & bags,135/43 Trần Hưng Đạo,D1,D1 · Cầu Ông Lãnh,Ho Chi Minh City,Vietnam,premium,,by appointment,https://instagram.com/leinne.brand,https://leinne.com/,silk; linen,,,recorded,"Madagascar raffia hats & bags, organic silk; private showroom — book on Zalo first.",2026-08-28
xeo-xo,Xéo Xọ,Womenswear,,43 Đặng Thị Nhu,D1,D1 · Bến Nghé,Ho Chi Minh City,Vietnam,premium,,walk-in store,https://instagram.com/xeoxo,https://xeoxo.com/,silk,,,confirm-first,Hanoi-born silk label with a D1 door; fibre % not published — ask. 10:00–21:00.,2026-08-28
canary-linen,Canary Linen,Womenswear,,89B Cách Mạng Tháng 8,D1,D1 · Bến Thành,Ho Chi Minh City,Vietnam,mid,,walk-in store,https://instagram.com/canary.linen,https://canarylinen.vn/,cotton,,,confirm-first,"Linen-look daily wear; 100% cotton tees confirmed, linen % not published — ask.",2026-08-28
bao-loc-silk,Bảo Lộc Silk,Tailoring & áo dài,,12 Mạc Đĩnh Chi,D1,D1 · Đa Kao,Ho Chi Minh City,Vietnam,premium,,walk-in store,,,silk,,,confirm-first,100% silk by the metre from the Bảo Lộc silk capital — bring it to a tailor.,2026-08-28
toan-thinh-silk,Toàn Thịnh Silk,Tailoring & áo dài,,258 Lê Thánh Tôn,D1,D1 · Bến Thành,Ho Chi Minh City,Vietnam,mid,,walk-in store,,https://toanthinhsilk.com/,silk,,,confirm-first,"Silk by the metre, 9:00–21:00. They also sell satin — check it is silk satin, not poly.",2026-08-28
mui-the-label,Mui The Label,Womenswear,,"15B Lê Lợi, Hội An",Hội An,Hội An,Vietnam,Vietnam,mid,,walk-in store,https://instagram.com/muithelabel,https://muithelabel.com/,linen,,,confirm-first,"Hội An boho boutique since 2016 — hand-made small batches, linen. 9:30–22:30.",2026-08-28
saigon-concepts,Saigon Concepts,Sleepwear,,Online; studio by appointment,Bình Thạnh,Bình Thạnh · by appointment,Ho Chi Minh City,Vietnam,premium,,online only,https://instagram.com/saigon_concepts,https://shop.saigonconcepts.com/,cotton; linen; tencel; circular,,,recorded,"Deadstock 100% cotton, linen & TENCEL pyjamas cut in a Saigon studio. No published address.",2026-08-28
lo-silk,Lơ Silk,Sleepwear,,87B Pasteur,D1,D1 · Bến Nghé,Ho Chi Minh City,Vietnam,luxury,,walk-in store,https://instagram.com/losilkvietnam,https://www.losilkvietnam.com/,silk,,,recorded,"100% Bảo Lộc silk, plant-dyed, OEKO-TEX. The slips are the lounge pieces. 10:00–20:00.",2026-08-28
byfas,BYFAS,Sleepwear,,40 Ngô Đức Kế,D1,D1 · Bến Nghé,Ho Chi Minh City,Vietnam,premium,,by appointment,,https://byfas.com/,silk; linen,,,recorded,"Bespoke pyjamas in natural silk, linen or poplin — from ~$250/set. ☎ 090 583 6118.",2026-08-28
bon-bon-underwear,Bon Bon Underwear,Lingerie & intimates,,432 Hai Bà Trưng,D1,D1 · Tân Định,Ho Chi Minh City,Vietnam,mid,,walk-in store,,https://bonbonunderwear.com.vn/,cotton,,,confirm-first,Lingerie chain with a real cotton line; fibre % not published — ask. On the HBT strip.,2026-08-28
choi-organic-cotton,CHOI — Organic Cotton,Lingerie & intimates,,Online only — no shop,Tân Bình,Tân Bình · online,Ho Chi Minh City,Vietnam,mid,,online only,,https://organiccotton.vn/,cotton,,,recorded,"IVN-certified organic-cotton briefs, bras & basics. They state plainly: online only.",2026-08-28
voga-underwear,Voga Underwear,Lingerie & intimates,,Online (Shopee Mall + own site),Thủ Đức,Thủ Đức · online,Ho Chi Minh City,Vietnam,mid,,online only,,https://voga.com.vn/,tencel,,,confirm-first,"Men's briefs, vests & tanks in 90% Lenzing Modal. Modal is regenerated cellulose, not cotton.",2026-08-28
decathlon-kimjaly,Decathlon (Kimjaly),Activewear,,"L1, Vincom Mega Mall Thảo Điền, 161 Xa Lộ Hà Nội",Thủ Đức,Thủ Đức · Thảo Điền,Ho Chi Minh City,Vietnam,mid,,walk-in store,,https://www.decathlon.vn/,cotton,,,recorded,The only walk-in organic-cotton yoga bottoms in the city. Every local activewear label is polyester.,2026-08-28
in-the-mood-saigon,In The Mood Saigon,Market,,32 Trần Ngọc Diện,Thảo Điền,Thảo Điền,Ho Chi Minh City,Vietnam,none,,walk-in store,https://instagram.com/inthemoodsaigonstore,,linen,,,confirm-first,Multi-brand concept store — stocks Nora Linen and local linen labels. 10:00–18:00.,2026-08-28
phuong-my,PHUONG MY,Bridal,,81 Lê Thánh Tôn,D1,D1 · Bến Nghé,Ho Chi Minh City,Vietnam,couture,"$3,000–10,000",walk-in store,https://instagram.com/phuong_my,https://phuongmy.com,,event,,recorded,First Vietnamese designer at NY Bridal Fashion Week — ethereal architectural silk couture. Gowns retail ~$3–10k abroad; this is the only Vietnam sales point.,2026-08-28
hacchic-couture,Hacchic Couture,Bridal,,108–110 Nguyễn Trãi,D1,D1 · Bến Thành,Ho Chi Minh City,Vietnam,couture,5–20M₫+,walk-in store,https://instagram.com/hacchic_couture,,,,,recorded,"Japanese-founded atelier — Vietnamese craft, Japanese precision, hand-applied Swarovski. Made-to-own gowns; stocked on Cult Mia internationally.",2026-08-28
cee-s-bridal,Cee's Bridal,Bridal,,16/8 Đặng Văn Ngữ,Phú Nhuận,Phú Nhuận,Ho Chi Minh City,Vietnam,luxury,custom 20–35M₫,by appointment,https://instagram.com/ceesbridal,,,,,recorded,"Intimate custom atelier with a true remote workflow — video consults, progress photos, worldwide shipping. The overseas-bride pick; 3–5 months.",2026-08-28
meera-meera,Meera Meera,Bridal,,Nguyễn Văn Hưởng (door on booking),Thảo Điền,Thảo Điền,Ho Chi Minh City,Vietnam,luxury,MTM from ~31M₫,by appointment,https://instagram.com/fmeerameera,https://meerameera.net,,,,recorded,"Sell-only couture atelier since 2012 — beaded, structured gowns; FedEx worldwide. Contact before visiting.",2026-08-28
nicole-bridal,Nicole Bridal,Bridal,,"23 Đường số 11, Cầu Kiệu",Phú Nhuận,Phú Nhuận,Ho Chi Minh City,Vietnam,premium,gowns 8–25M₫,walk-in store,https://instagram.com/nicolebridal,https://nicolebridal.vn,,,,recorded,"The one-stop: buy-to-own gowns, MTM áo dài cưới, custom veils & mấn under one roof; English site, ships worldwide. MTM 6–12 weeks.",2026-08-28
calla-bridal,Calla Bridal,Bridal,,21 Tú Xương,D3,D3,Ho Chi Minh City,Vietnam,luxury,10.6–100M₫+,by appointment,,https://callabridal.com.vn,,,,recorded,"Grand 'royal' statement gowns by NTK Phương Linh — structured sleeves, heavy embellishment. Published buy tiers; Haute Couture on quote.",2026-08-28
joli-poli,Joli Poli,Bridal,,278 Võ Thị Sáu,D3,D3 · Võ Thị Sáu,Ho Chi Minh City,Vietnam,couture,buy 30–100M₫,by appointment,https://instagram.com/jolipoli.couture,,,,,recorded,Red-carpet princess couture (Phạm Đăng Anh Thư) — celebrity clientele; sells to own as well as rents.,2026-08-28
linh-phung,Linh Phung,Bridal,,111 Hoàng Văn Thụ,Phú Nhuận,Phú Nhuận,Ho Chi Minh City,Vietnam,premium,RTW $307–583,by appointment,https://instagram.com/linhphung.official,https://linhphungbrand.com,,,,confirm-first,"Romantic heritage áo dài + white bridal ('Légende Blanche'); RTW sells online, bridal on inquiry. Call ahead — visit policy unpublished.",2026-08-28
ao-dai-couture-by-anna-hanh,Áo Dài Couture by Anna Hạnh,Bridal,,New World Studio (appt only),D1,D1,Ho Chi Minh City,Vietnam,couture,"bridal $1,000–5,000",by appointment,https://instagram.com/aodaicouturebyannahanh,https://aodai.byfas.com,,,,recorded,"Couture áo dài by Anna Hạnh Lê, HCMC Áo Dài Association president — hand embroidery & beading. Custom can need up to 6 months.",2026-08-28
ao-dai-minh-chau,Áo Dài Minh Châu,Bridal,,"835 Lê Hồng Phong, P.12",Q10,Q10,Ho Chi Minh City,Vietnam,premium,15–20M₫,walk-in store,,,,,,recorded,"Đặng Trọng Minh Châu's ornate, stage-presence bridal áo dài — the 'premium but buyable' name since 2009. MTM 10–15 days, longer in season.",2026-08-28
lahava,LAHAVA,Bridal,,84 Nguyễn Văn Trỗi,Phú Nhuận,Phú Nhuận,Ho Chi Minh City,Vietnam,premium,6–14M₫,walk-in store,,https://lahava.vn,,,,recorded,"Own design-to-retail house — polished premium MTM áo dài at honest published prices, ~2–3 weeks.",2026-08-28
quyen-nguyen-bridal,Quyên Nguyễn Bridal,Bridal,,115 Hồ Văn Huê,Phú Nhuận,Phú Nhuận,Ho Chi Minh City,Vietnam,mid,MTM 2.2–7M₫,walk-in store,,https://quyennguyen.vn,,,,recorded,"Trend-current bridal áo dài on the Hồ Văn Huê strip — published MTM prices, 10–15 days. The value pick.",2026-08-28
ao-dai-thim-ba,Áo Dài Thím Ba,Bridal,,32/4 Nguyễn Cửu Vân,Bình Thạnh,Bình Thạnh,Ho Chi Minh City,Vietnam,mid,0.75–4.8M₫,walk-in store,,https://aodaithimba.com,,,,recorded,"Silk-first RTW & quick-MTM áo dài cưới to own from 750k₫ — the budget-smart door, near the D1 edge.",2026-08-28
phu-kien-cuoi-minh-tam,Phụ Kiện Cưới Minh Tâm,Bridal,,"36 Trần Quang Diệu, P.13",D3,D3,Ho Chi Minh City,Vietnam,mid,95–500k₫,walk-in store,,https://phukiencuoiminhtam.com,,,,recorded,"The finishing-touches stop: veils, lace & pearl gloves (95–215k₫), crowns, mấn sets — one walk-in covers the small accessories.",2026-08-28
long-beach-pearl,Long Beach Pearl,Bridal,,Vincom Đồng Khởi; also Saigon Centre,D1,D1 · Đồng Khởi,Ho Chi Minh City,Vietnam,premium,2M–100M₫,walk-in store,https://instagram.com/longbeachpearl,,,,yes,recorded,Vietnam's pearl house — crafts Miss International crowns; bridal pearl sets from accessible strands to South Sea.,2026-08-28
tierra-diamond,Tierra Diamond,Bridal,,2A-2B Cách Mạng Tháng 8,D1,D1,Ho Chi Minh City,Vietnam,premium,bands 5–20M₫,walk-in store,,https://www.tierra.vn,,,yes,recorded,"Modern natural-diamond bridal jewelry — custom design, private consult rooms, 15+ HCMC stores.",2026-08-28
montsand,MONTSAND,Womenswear,,Made-to-order online; stocked at MEAN BLVD & Cult Mia (London),Hanoi,Hanoi · online,Hanoi,Vietnam,luxury,"$530–1,000+",online only,https://instagram.com/montsand.official,https://montsand.com,,event,,recorded,"Formerly Lobbster (est. 2017) — romantic fluid draping, designed textiles; every piece made to order, ships worldwide.",2026-08-28
aeie-studios,AEIE Studios,Womenswear,,"Online; stocked at ap0cene, Sucker & REBORNE",Online,Online,Ho Chi Minh City,Vietnam,premium,$190–330,online only,https://instagram.com/aeie.studio,https://aeiestudios.com,,event; night,,recorded,Bold experimental femininity for the 'Saigon city girl' (est. 2018) — Grazia SG & Her World featured.,2026-08-28
chymeochy,CHYMEOCHY,Womenswear,,Online / DM (no public showroom),Online,Online,Ho Chi Minh City,Vietnam,premium,,online only,https://instagram.com/chymeochy,https://chymeochy.com,,event,,recorded,Occasionwear house since 2013 — flowing silhouettes + sculpted tailoring; steady celebrity clientele.,2026-08-28
rosee-de-matin,Rosee de Matin,Womenswear,,Online; stocked at MEAN BLVD & Cult Mia,Online,Online · VN,Vietnam,Vietnam,premium,,online only,https://instagram.com/roseedematin,,,event; bday,,recorded,"Handcrafted romance since 2015 — 3D florals, intricate embroidery, delicate lace.",2026-08-28
sissy-nation,Sissy Nation,Womenswear,,Online; stocked at MEAN BLVD & Ressalina,Online,Online,Ho Chi Minh City,Vietnam,premium,,online only,https://instagram.com/sissynation,,,event; bday,,recorded,'Princess fantasy' gowns — romantic silhouettes in serious fabrics; the Phantom of the Opera collection went wide.,2026-08-28
tinh-atelier,TINH Atelier,Womenswear,,"Online; MEAN BLVD in-house label, also at The Viet Concept",Online,Online · VN,Vietnam,Vietnam,premium,,online only,https://instagram.com/tinh.atelier,,silk,,,recorded,"Silk & velvet contemporary RTW — ethereal, refined, modern Eastern sensibility.",2026-08-28
raffine,Raffiné,Womenswear,,"Online, ships internationally",Online,Online · VN,Vietnam,Vietnam,premium,,online only,https://instagram.com/raffine.official,https://raffine.co,silk,,,recorded,"Simplicity + elegance since 2016 — silk, chiffon and lace in clean minimalist lines.",2026-08-28
seo-studio,Seo Studio,Womenswear,,105B6 Phạm Ngọc Thạch; also 96 Cầu Giấy,Hanoi,Hanoi,Hanoi,Vietnam,mid,,walk-in store,https://instagram.com/seostudio_,,,bday,yes,confirm-first,"VN TikTok's coquette leader 2026 — ribbons, bows, corset tops, silk skirts; ships worldwide. Hanoi only.",2026-08-28
dear-jose,Dear José,Womenswear,,Online since ~2018,Online,Online,Ho Chi Minh City,Vietnam,mid,,online only,https://instagram.com/dearjose.xo,,,bday,,recorded,"Feminine daily-to-occasion in soft pastels + accessories; MEAN BLVD-featured, a Lemon8 haul favourite.",2026-08-28
ther-gab,Ther Gab,Accessories,,Online; in Singapore via Sift & Pick,Online,Online · VN,Vietnam,Vietnam,premium,limited editions,online only,https://instagram.com/ther.gab,,,,,recorded,"Sculptural limited-edition bags shaped after Vietnamese folk objects — bánh giầy, boats (est. 2022). Bazaar VN SS26 pick.",2026-08-28
dottie,Dottie,Womenswear,,170 Nguyễn Trãi; also 26 Lê Văn Sỹ (Q3) + The New Playground,D1 / D3,D1 / D3,Ho Chi Minh City,Vietnam,mid,,walk-in store,,,,bday,yes,recorded,"Dreamy 'tiểu thư' feminine — embroidered babydoll tops, tiered A-line skirts.",2026-08-28
bunny-hill-concept,Bunny Hill Concept,Womenswear,,Trần Quang Diệu strip (street number unpublished — check IG),D3,D3 · P.14,Ho Chi Minh City,Vietnam,premium,,walk-in store,,,,,,confirm-first,"Gallery-like boutique — minimalist chic, calculated tailoring; ELLE VN & Her World 2026 picks.",2026-08-28
latui-atelier,LATUI Atelier,Womenswear,,Stocked at Rue Miche (9B Phùng Khắc Khoan + L'Édition),D1,D1,Ho Chi Minh City,Vietnam,premium,,sold via a stockist or hub,https://instagram.com/latui.atelier,,,night,,recorded,Avant-garde Y2K by Xi Quan Le (est. 2018) — worn by Rosé of BLACKPINK and J Balvin.,2026-08-28
mean-blvd,MEAN BLVD,Market,,"2F Diamond Plaza, 34 Lê Duẩn",D1,D1 · Bến Nghé,Ho Chi Minh City,Vietnam,none,,walk-in store,,,,,,recorded,"First physical store of the 139-designer online platform — one roof for MONTSAND, Rosee de Matin, Sissy Nation, TINH and more.",2026-08-28
cho-ba-chieu,Chợ Bà Chiểu,Market,,"Bùi Hữu Nghĩa & Diên Hồng, P.1",Bình Thạnh,Bình Thạnh · P.1,Ho Chi Minh City,Vietnam,none,,walk-in store,,,circular,,,recorded,"Old-Saigon market; đồ si (secondhand) racks, fabric & shoes in the west wing. Kiosks shut ~19:00.",2026-08-28
